,ID odpowiedzi,Typ miejsca startu (1),Typ miejsca zakończenia (1),Typ miejsca startu (2),Typ miejsca zakończenia (2),Typ miejsca startu (3),Typ miejsca zakończenia (3),Typ miejsca startu (4),Typ miejsca zakończenia (4),Typ miejsca startu (5),Typ miejsca zakończenia (5),Typ miejsca startu (6),Typ miejsca zakończenia (6),Typ miejsca startu (7),Typ miejsca zakończenia (7),Typ miejsca startu (8),Typ miejsca zakończenia (8),Typ miejsca startu (9),Typ miejsca zakończenia (9),Typ miejsca startu (10),Typ miejsca zakończenia (10),Typ miejsca startu (11),Typ miejsca zakończenia (11),Typ miejsca startu (12),Typ miejsca zakończenia (12),Typ miejsca startu (13),Typ miejsca zakończenia (13),Typ miejsca startu (14),Typ miejsca zakończenia (14),Typ miejsca startu (15),Typ miejsca zakończenia (15),Typ miejsca startu (16),Typ miejsca zakończenia (16),Typ miejsca startu (17),Typ miejsca zakończenia (17),Typ miejsca startu (18),Typ miejsca zakończenia (18),Typ miejsca startu (19),Typ miejsca zakończenia (19),Typ miejsca startu (20),Typ miejsca zakończenia (20),Typ miejsca startu (21),Typ miejsca zakończenia (21),Typ miejsca startu (22),Typ miejsca zakończenia (22),Typ miejsca startu (23),Typ miejsca zakończenia (23),Typ miejsca startu (24),Typ miejsca zakończenia (24),Typ miejsca startu (25),Typ miejsca zakończenia (25),Typ miejsca startu (26),Typ miejsca zakończenia (26),Typ miejsca startu (27),Typ miejsca zakończenia (27)
0,a5e86f0b-8d67-47b3-a11b-6354d55ea59b,home,other,home,park,park,home,home,other,other,home,,,,,,,,,,,,,,,,,,,,,,,,,,,,,,,,,,,,,,,,,,,,
1,25cf0a84-82b9-4f17-ad17-392bfa680f79,home,work,work,work,work,other,other,home,,,,,,,,,,,,,,,,,,,,,,,,,,,,,,,,,,,,,,,,,,,,,,
2,417f9428-6782-4206-9b5a-abad64a6f6d0,home,shop,,,,,,,,,,,,,,,,,,,,,,,,,,,,,,,,,,,,,,,,,,,,,,,,,,,,
3,f18069b2-954d-48ae-bbc0-8e7277c25f24,home,intermediate,intermediate,intermediate,intermediate,work,work,intermediate,intermediate,intermediate,intermediate,home,home,intermediate,intermediate,intermediate,intermediate,shop,,,,,,,,,,,,,,,,,,,,,,,,,,,,,,,,,,,,
4,bf383a4f-6336-4a36-8600-77529691cd65,home,intermediate,intermediate,intermediate,intermediate,work,work,intermediate,intermediate,intermediate,intermediate,home,,,,,,,,,,,,,,,,,,,,,,,,,,,,,,,,,,,,,,,,,,
5,1a272eff-f13e-4a39-87dd-98e43716dc14,home,work,work,home,home,other,,,,,,,,,,,,,,,,,,,,,,,,,,,,,,,,,,,,,,,,,,,,,,,,
6,2bec0e23-835e-4678-a67d-e5dc5c952a79,home,work,work,shop,shop,home,,,,,,,,,,,,,,,,,,,,,,,,,,,,,,,,,,,,,,,,,,,,,,,,
7,b2bfdb7a-2a07-4c75-b058-4bc8c63f1f62,home,intermediate,intermediate,intermediate,intermediate,work,work,intermediate,intermediate,intermediate,intermediate,home,,,,,,,,,,,,,,,,,,,,,,,,,,,,,,,,,,,,,,,,,,
8,8cebd289-be13-417d-a84f-3e8d4b957660,home,other,other,work,work,intermediate,intermediate,intermediate,intermediate,shop,shop,home,,,,,,,,,,,,,,,,,,,,,,,,,,,,,,,,,,,,,,,,,,
9,deb2dbe8-120c-4e18-9df4-c5d5947f20f5,home,work,work,shop,shop,home,,,,,,,,,,,,,,,,,,,,,,,,,,,,,,,,,,,,,,,,,,,,,,,,
10,edd83ab4-d4ca-48f9-9699-8f9f17f82012,home,work,work,home,home,park,,,,,,,,,,,,,,,,,,,,,,,,,,,,,,,,,,,,,,,,,,,,,,,,
11,7095dd9a-8254-4321-8003-9e8b9b4a2c80,home,other,home,shop,,,,,,,,,,,,,,,,,,,,,,,,,,,,,,,,,,,,,,,,,,,,,,,,,,
12,c6bfaebc-91e5-45b9-8330-8a14479ef54b,home,intermediate,intermediate,intermediate,intermediate,work,work,intermediate,intermediate,intermediate,intermediate,intermediate,intermediate,intermediate,intermediate,intermediate,intermediate,home,intermediate,intermediate,intermediate,intermediate,intermediate,intermediate,,,,,,,,,,,,,,,,,,,,,,,,,,,,,,
13,581038ab-8ad1-44fa-9318-8787e547d2d2,home,shop,home,other,other,home,,,,,,,,,,,,,,,,,,,,,,,,,,,,,,,,,,,,,,,,,,,,,,,,
14,3546f13a-540d-4ef7-bef4-5f1116264605,home,work,,,,,,,,,,,,,,,,,,,,,,,,,,,,,,,,,,,,,,,,,,,,,,,,,,,,
15,0ebda611-cbee-4363-b0cf-22f1703e396f,home,work,work,shop,shop,home,,,,,,,,,,,,,,,,,,,,,,,,,,,,,,,,,,,,,,,,,,,,,,,,
16,80aca813-66f1-4d89-8256-533ea5d1710a,home,shop,,,,,,,,,,,,,,,,,,,,,,,,,,,,,,,,,,,,,,,,,,,,,,,,,,,,
17,e972cd9c-9e8e-4c83-99bf-7ba836b1d92f,home,other,other,home,,,,,,,,,,,,,,,,,,,,,,,,,,,,,,,,,,,,,,,,,,,,,,,,,,
18,80763157-9456-436e-9925-b562cedde76b,home,work,home,work,home,work,,,,,,,,,,,,,,,,,,,,,,,,,,,,,,,,,,,,,,,,,,,,,,,,
19,d7299937-9770-4762-bf30-383c13605601,home,work,work,shop,shop,home,home,other,other,home,,,,,,,,,,,,,,,,,,,,,,,,,,,,,,,,,,,,,,,,,,,,
20,6c90ffcc-0896-46b4-9b45-32a0f6781ed9,home,intermediate,intermediate,intermediate,intermediate,park,park,park,park,other,other,intermediate,intermediate,intermediate,intermediate,home,home,intermediate,intermediate,intermediate,intermediate,intermediate,intermediate,shop,intermediate,intermediate,shop,home,,,,,,,,,,,,,,,,,,,,,,,,,,
21,da78011c-7dfc-4398-b62c-09d928082fac,home,intermediate,intermediate,intermediate,intermediate,intermediate,intermediate,work,intermediate,intermediate,work,intermediate,intermediate,intermediate,intermediate,intermediate,intermediate,shop,intermediate,intermediate,shop,home,home,intermediate,intermediate,intermediate,intermediate,intermediate,intermediate,other,intermediate,intermediate,other,home,,,,,,,,,,,,,,,,,,,,
22,597df992-547d-40aa-9af8-e133385e32f6,home,other,home,other,home,other,other,home,home,work,,,,,,,,,,,,,,,,,,,,,,,,,,,,,,,,,,,,,,,,,,,,
23,69d786c7-577e-46d5-a0b8-a628710f3e48,home,school_or_university,school_or_university,work,work,school_or_university,school_or_university,home,,,,,,,,,,,,,,,,,,,,,,,,,,,,,,,,,,,,,,,,,,,,,,
24,06849ad2-d314-48d3-bbf4-f9171cb45e2b,home,work,work,school_or_university,school_or_university,home,,,,,,,,,,,,,,,,,,,,,,,,,,,,,,,,,,,,,,,,,,,,,,,,
25,fa24973c-2b9e-4bf1-ba9e-b46103b16d34,intermediate,intermediate,intermediate,intermediate,home,intermediate,intermediate,work,intermediate,intermediate,work,intermediate,intermediate,intermediate,intermediate,intermediate,intermediate,home,intermediate,intermediate,,,,,,,,,,,,,,,,,,,,,,,,,,,,,,,,,,
26,209e99ed-39ab-4c9d-9969-2b7b18cb4207,home,work,work,shop,shop,home,,,,,,,,,,,,,,,,,,,,,,,,,,,,,,,,,,,,,,,,,,,,,,,,
27,63c15f82-5faa-4a4c-b9a2-919eff2d4217,home,work,work,other,other,home,,,,,,,,,,,,,,,,,,,,,,,,,,,,,,,,,,,,,,,,,,,,,,,,
28,5abe5273-509d-4071-a4e5-13c2fbdafc10,home,work,work,shop,shop,home,home,park,park,home,,,,,,,,,,,,,,,,,,,,,,,,,,,,,,,,,,,,,,,,,,,,
29,66d3abcc-280a-4225-857b-54735b5a7601,home,work,work,home,,,,,,,,,,,,,,,,,,,,,,,,,,,,,,,,,,,,,,,,,,,,,,,,,,
30,75de9ba2-6ab7-4d36-88c6-a4b56a133aa6,other,work,work,office,office,shop,shop,other,other,home,,,,,,,,,,,,,,,,,,,,,,,,,,,,,,,,,,,,,,,,,,,,
31,71dad404-eaeb-4e5d-ae08-a6ce34f18410,home,work,work,home,,,,,,,,,,,,,,,,,,,,,,,,,,,,,,,,,,,,,,,,,,,,,,,,,,
32,b98db1c7-7bf8-43bf-ad0f-37d54872e04a,home,intermediate,intermediate,intermediate,intermediate,work,,,,,,,,,,,,,,,,,,,,,,,,,,,,,,,,,,,,,,,,,,,,,,,,
33,ef55ce31-f6a8-4505-bca8-ed2c5b83428f,home,home,,,,,,,,,,,,,,,,,,,,,,,,,,,,,,,,,,,,,,,,,,,,,,,,,,,,
34,89e73109-e67c-4980-af89-6b16ea5b9b59,home,work,work,home,,,,,,,,,,,,,,,,,,,,,,,,,,,,,,,,,,,,,,,,,,,,,,,,,,
35,5d8025e6-99aa-4c4a-88c7-c901afa02bbf,home,work,work,work,work,work,work,work,work,work,work,shop,shop,home,home,other,other,home,,,,,,,,,,,,,,,,,,,,,,,,,,,,,,,,,,,,
36,a891bad6-b9d1-4ed6-9786-8cbb382ae8f7,home,intermediate,intermediate,intermediate,intermediate,work,work,intermediate,intermediate,intermediate,intermediate,shop,shop,intermediate,intermediate,intermediate,intermediate,home,,,,,,,,,,,,,,,,,,,,,,,,,,,,,,,,,,,,
37,972f9f8c-f61a-4994-bc36-46f09b603fbe,home,work,work,other,other,home,home,work,work,home,,,,,,,,,,,,,,,,,,,,,,,,,,,,,,,,,,,,,,,,,,,,
38,1a3dc37b-7b3b-4a20-b80c-a35431a713f6,intermediate,intermediate,home,intermediate,intermediate,work,intermediate,intermediate,intermediate,intermediate,work,intermediate,intermediate,intermediate,intermediate,intermediate,intermediate,home,intermediate,intermediate,,,,,,,,,,,,,,,,,,,,,,,,,,,,,,,,,,
39,04d6761b-9497-4716-9e92-d82a280fa484,home,work,work,other,other,shop,,,,,,,,,,,,,,,,,,,,,,,,,,,,,,,,,,,,,,,,,,,,,,,,
40,bec96828-7a17-4857-a3b5-8cc70e1801f0,home,work,work,other,other,home,home,work,work,other,other,home,,,,,,,,,,,,,,,,,,,,,,,,,,,,,,,,,,,,,,,,,,
41,c13e727c-6434-463a-9f9c-ab8b2709f188,home,work,work,home,home,other,other,home,,,,,,,,,,,,,,,,,,,,,,,,,,,,,,,,,,,,,,,,,,,,,,
42,9a5bbec8-260e-49aa-94ee-55cfee872ceb,home,work,work,other,other,shop,shop,home,,,,,,,,,,,,,,,,,,,,,,,,,,,,,,,,,,,,,,,,,,,,,,
43,b001ae15-4e69-445a-b47f-5fe020f415aa,home,school_or_university,school_or_university,work,work,other,other,work,work,other,other,shop,shop,home,,,,,,,,,,,,,,,,,,,,,,,,,,,,,,,,,,,,,,,,
44,38289213-e71b-417d-97db-2869536fd881,work,intermediate,intermediate,intermediate,intermediate,home,,,,,,,,,,,,,,,,,,,,,,,,,,,,,,,,,,,,,,,,,,,,,,,,
45,11598564-cc88-4708-9860-77bdd7ebeff9,home,intermediate,intermediate,intermediate,intermediate,work,work,intermediate,intermediate,intermediate,intermediate,home,,,,,,,,,,,,,,,,,,,,,,,,,,,,,,,,,,,,,,,,,,
46,ad467775-c406-435d-ad75-97d329f2750d,home,work,work,home,,,,,,,,,,,,,,,,,,,,,,,,,,,,,,,,,,,,,,,,,,,,,,,,,,
47,1893c3ff-555e-473a-a842-ae67750774c1,home,shop,shop,home,,,,,,,,,,,,,,,,,,,,,,,,,,,,,,,,,,,,,,,,,,,,,,,,,,
48,cba3b215-4956-4b0a-85e8-96806d7bdaf5,home,work,work,other,home,park,,,,,,,,,,,,,,,,,,,,,,,,,,,,,,,,,,,,,,,,,,,,,,,,
49,1b870532-be19-4fbc-b058-2fcb6706370b,intermediate,intermediate,home,intermediate,intermediate,work,,,,,,,,,,,,,,,,,,,,,,,,,,,,,,,,,,,,,,,,,,,,,,,,
50,b0588fc1-bc99-4232-a826-bd53286d0862,home,school_or_university,school_or_university,work,work,shop,home,park,,,,,,,,,,,,,,,,,,,,,,,,,,,,,,,,,,,,,,,,,,,,,,
51,5d1075d9-42e9-410f-b03f-ae4b090ded53,home,intermediate,intermediate,intermediate,intermediate,intermediate,intermediate,other,intermediate,intermediate,other,other,other,other,other,intermediate,intermediate,intermediate,intermediate,other,other,intermediate,intermediate,intermediate,intermediate,home,,,,,,,,,,,,,,,,,,,,,,,,,,,,
52,5685afcd-6e9f-44c4-9830-3bff3a9fe34f,home,work,work,other,other,work,work,shop,shop,home,,,,,,,,,,,,,,,,,,,,,,,,,,,,,,,,,,,,,,,,,,,,
53,e2025240-c070-46bf-861d-cb7d9da0df50,home,work,,,,,,,,,,,,,,,,,,,,,,,,,,,,,,,,,,,,,,,,,,,,,,,,,,,,
54,cea5c21b-7bd5-4952-89a7-177a92d88964,home,work,,,,,,,,,,,,,,,,,,,,,,,,,,,,,,,,,,,,,,,,,,,,,,,,,,,,
55,e2145080-8b48-4492-86eb-68f57c979ff0,home,work,work,home,home,other,other,shop,shop,home,,,,,,,,,,,,,,,,,,,,,,,,,,,,,,,,,,,,,,,,,,,,
56,fed14836-e4dd-4b64-b537-08c8479f2dd8,home,work,work,home,home,shop,shop,home,,,,,,,,,,,,,,,,,,,,,,,,,,,,,,,,,,,,,,,,,,,,,,
57,505328b8-11f7-4cf0-85ab-3851442ed2be,home,intermediate,intermediate,intermediate,intermediate,intermediate,intermediate,work,intermediate,intermediate,work,intermediate,intermediate,intermediate,intermediate,work,work,intermediate,intermediate,intermediate,intermediate,intermediate,intermediate,home,intermediate,intermediate,home,shop,shop,home,,,,,,,,,,,,,,,,,,,,,,,,
58,07c3b3ac-ba28-4128-b0ab-bb4f161b148d,home,work,work,home,,,,,,,,,,,,,,,,,,,,,,,,,,,,,,,,,,,,,,,,,,,,,,,,,,
59,58949f9b-75fa-435e-8677-7e9013ea13e6,home,work,work,school_or_university,school_or_university,home,,,,,,,,,,,,,,,,,,,,,,,,,,,,,,,,,,,,,,,,,,,,,,,,
60,1d1b3c4c-436e-45c0-9cff-564d6fc0989e,home,work,work,home,,,,,,,,,,,,,,,,,,,,,,,,,,,,,,,,,,,,,,,,,,,,,,,,,,
61,04fac007-739e-4576-bdf7-72a2c0ea330c,home,work,work,work,work,shop,shop,home,,,,,,,,,,,,,,,,,,,,,,,,,,,,,,,,,,,,,,,,,,,,,,
62,5a1b9dce-b06f-47d4-b7b9-130b4b8d7459,home,school_or_university,,,,,,,,,,,,,,,,,,,,,,,,,,,,,,,,,,,,,,,,,,,,,,,,,,,,
63,1ceaba1c-de8c-4e15-86c3-cd38ea0ace0a,home,other,other,home,,,,,,,,,,,,,,,,,,,,,,,,,,,,,,,,,,,,,,,,,,,,,,,,,,
64,c55744c7-3021-4134-9afc-7c8ebf279aa2,home,work,,,,,,,,,,,,,,,,,,,,,,,,,,,,,,,,,,,,,,,,,,,,,,,,,,,,
65,fccf0a0a-91dd-401b-a3a0-0774d3bc9252,intermediate,intermediate,home,intermediate,intermediate,work,work,intermediate,intermediate,intermediate,intermediate,home,,,,,,,,,,,,,,,,,,,,,,,,,,,,,,,,,,,,,,,,,,
66,5d042c0a-13d0-4e4b-a3fc-76716273f4ac,home,work,work,shop,shop,home,,,,,,,,,,,,,,,,,,,,,,,,,,,,,,,,,,,,,,,,,,,,,,,,
67,11c1c0cf-5118-496d-8ed0-5b9101a388ac,home,work,work,other,other,home,,,,,,,,,,,,,,,,,,,,,,,,,,,,,,,,,,,,,,,,,,,,,,,,
68,79d07bcd-dec3-4813-aa34-0f1955b57a12,home,work,work,shop,shop,home,,,,,,,,,,,,,,,,,,,,,,,,,,,,,,,,,,,,,,,,,,,,,,,,
69,de7b2d3a-3ada-4705-a72d-193561b4e190,home,work,work,home,home,other,other,home,,,,,,,,,,,,,,,,,,,,,,,,,,,,,,,,,,,,,,,,,,,,,,
70,35bc4b09-82c6-4115-bd02-221ec459c550,home,work,work,intermediate,intermediate,intermediate,intermediate,home,,,,,,,,,,,,,,,,,,,,,,,,,,,,,,,,,,,,,,,,,,,,,,
71,d28a7770-7514-465d-b9eb-029eb1448502,home,other,other,work,work,home,,,,,,,,,,,,,,,,,,,,,,,,,,,,,,,,,,,,,,,,,,,,,,,,
72,a9186c28-e770-48eb-a92d-dd506e88697f,home,other,,,,,,,,,,,,,,,,,,,,,,,,,,,,,,,,,,,,,,,,,,,,,,,,,,,,
73,a5f3913f-4120-4b6d-b42e-7c232fd48bfa,home,intermediate,intermediate,intermediate,intermediate,intermediate,intermediate,work,intermediate,intermediate,work,intermediate,intermediate,intermediate,intermediate,home,,,,,,,,,,,,,,,,,,,,,,,,,,,,,,,,,,,,,,
74,4a0cd1c7-e09c-40a0-add3-0e1b2f1b8274,home,work,work,home,,,,,,,,,,,,,,,,,,,,,,,,,,,,,,,,,,,,,,,,,,,,,,,,,,
75,3cc17cbe-d0f0-4627-9d18-8fc59800a4ac,home,office,,,,,,,,,,,,,,,,,,,,,,,,,,,,,,,,,,,,,,,,,,,,,,,,,,,,
76,c070384e-8a16-49d3-8109-610133cb6dcc,home,intermediate,intermediate,intermediate,intermediate,other,other,intermediate,intermediate,intermediate,intermediate,park,park,intermediate,intermediate,intermediate,intermediate,home,,,,,,,,,,,,,,,,,,,,,,,,,,,,,,,,,,,,
77,1df44032-edb3-4e12-be24-677038619c04,home,intermediate,intermediate,intermediate,intermediate,work,work,home,home,school_or_university,school_or_university,home,,,,,,,,,,,,,,,,,,,,,,,,,,,,,,,,,,,,,,,,,,
78,a8226480-e022-4688-bd87-d66e97c5b44b,home,shop,home,other,,,,,,,,,,,,,,,,,,,,,,,,,,,,,,,,,,,,,,,,,,,,,,,,,,
79,bbdab33d-118c-407b-9767-2504169c2b15,home,work,work,shop,shop,home,,,,,,,,,,,,,,,,,,,,,,,,,,,,,,,,,,,,,,,,,,,,,,,,
80,7205698c-b44e-47e3-827b-319bd3ba2402,home,work,work,home,home,school_or_university,school_or_university,home,,,,,,,,,,,,,,,,,,,,,,,,,,,,,,,,,,,,,,,,,,,,,,
81,f9499eeb-65be-46b9-9fdf-7c63009d4451,home,other,other,work,work,shop,shop,shop,shop,home,,,,,,,,,,,,,,,,,,,,,,,,,,,,,,,,,,,,,,,,,,,,
82,12180c1b-d10f-450b-afd2-13718ceb5679,home,other,other,home,,,,,,,,,,,,,,,,,,,,,,,,,,,,,,,,,,,,,,,,,,,,,,,,,,
83,dba8975b-54d4-413f-921e-e48c0425bcb1,home,work,,,,,,,,,,,,,,,,,,,,,,,,,,,,,,,,,,,,,,,,,,,,,,,,,,,,
84,44f33267-ff65-443d-a28f-cac9e6940f46,home,school_or_university,school_or_university,work,work,home,,,,,,,,,,,,,,,,,,,,,,,,,,,,,,,,,,,,,,,,,,,,,,,,
85,76beef44-66f4-4907-a3d8-5cee081bf625,home,intermediate,intermediate,intermediate,intermediate,work,,,,,,,,,,,,,,,,,,,,,,,,,,,,,,,,,,,,,,,,,,,,,,,,
86,297544b2-01fe-4881-8d1a-aec8eb722246,home,work,work,shop,shop,work,,,,,,,,,,,,,,,,,,,,,,,,,,,,,,,,,,,,,,,,,,,,,,,,
87,9ec686d2-f57b-4323-b561-4da62e00861a,home,work,work,home,home,shop,,,,,,,,,,,,,,,,,,,,,,,,,,,,,,,,,,,,,,,,,,,,,,,,
88,484fb552-d41f-4888-ba59-e629a0dbe103,home,work,work,shop,shop,home,,,,,,,,,,,,,,,,,,,,,,,,,,,,,,,,,,,,,,,,,,,,,,,,
89,66ec4489-ad0a-4207-b9ed-309bea134326,home,work,work,shop,shop,home,home,other,other,home,,,,,,,,,,,,,,,,,,,,,,,,,,,,,,,,,,,,,,,,,,,,
90,3080f615-1253-454a-a8f3-edb21ff52eeb,home,work,work,home,home,shop,shop,home,,,,,,,,,,,,,,,,,,,,,,,,,,,,,,,,,,,,,,,,,,,,,,
91,f04cab06-92d2-44e2-96af-9716b54c1253,home,other,other,home,,,,,,,,,,,,,,,,,,,,,,,,,,,,,,,,,,,,,,,,,,,,,,,,,,
92,9f06be62-6f8a-45b7-a87a-e3fe78486044,home,school_or_university,school_or_university,home,home,school_or_university,school_or_university,home,,,,,,,,,,,,,,,,,,,,,,,,,,,,,,,,,,,,,,,,,,,,,,
93,fe2b4e4a-89d6-4a59-a3ae-ce3bcc72dffa,home,other,,,,,,,,,,,,,,,,,,,,,,,,,,,,,,,,,,,,,,,,,,,,,,,,,,,,
94,41800100-a10f-458d-9d9f-0f7a4341a257,home,intermediate,intermediate,intermediate,intermediate,intermediate,intermediate,work,intermediate,intermediate,work,intermediate,intermediate,intermediate,intermediate,intermediate,intermediate,home,intermediate,intermediate,home,intermediate,intermediate,intermediate,intermediate,intermediate,intermediate,intermediate,intermediate,other,intermediate,intermediate,intermediate,intermediate,,,,,,,,,,,,,,,,,,,,
95,a3986826-f1af-4d71-8de3-162da0763110,home,work,work,shop,shop,home,,,,,,,,,,,,,,,,,,,,,,,,,,,,,,,,,,,,,,,,,,,,,,,,
96,ee622851-3c70-4dea-80f8-913d1c62f82a,home,other,other,other,other,other,other,home,home,other,other,home,home,intermediate,intermediate,intermediate,intermediate,intermediate,intermediate,intermediate,intermediate,other,intermediate,intermediate,intermediate,intermediate,other,intermediate,intermediate,intermediate,intermediate,home,,,,,,,,,,,,,,,,,,,,,,
97,dc2708b1-eb74-41f7-9a86-89661f644532,home,intermediate,intermediate,intermediate,intermediate,school_or_university,school_or_university,school_or_university,intermediate,intermediate,intermediate,home,school_or_university,intermediate,,,,,,,,,,,,,,,,,,,,,,,,,,,,,,,,,,,,,,,,
98,fae65199-8df2-462a-ac85-f4a6827dbf81,home,work,work,home,,,,,,,,,,,,,,,,,,,,,,,,,,,,,,,,,,,,,,,,,,,,,,,,,,
99,9aafefee-fe03-4936-bdf2-58df9f95aaa4,home,work,work,work,work,home,,,,,,,,,,,,,,,,,,,,,,,,,,,,,,,,,,,,,,,,,,,,,,,,
100,cbe69a60-ad08-4155-b1e0-1f8048f3b978,home,work,work,school_or_university,school_or_university,work,work,home,home,shop,shop,home,,,,,,,,,,,,,,,,,,,,,,,,,,,,,,,,,,,,,,,,,,
101,b7baf0f7-270b-4ac0-9e36-fb7719450595,home,intermediate,intermediate,intermediate,intermediate,school_or_university,school_or_university,work,work,home,,,,,,,,,,,,,,,,,,,,,,,,,,,,,,,,,,,,,,,,,,,,
102,b03919cb-bf5b-4dac-b219-e31cf16847c8,home,school_or_university,home,school_or_university,school_or_university,home,home,other,other,home,,,,,,,,,,,,,,,,,,,,,,,,,,,,,,,,,,,,,,,,,,,,
103,234e2acb-b430-404b-8a87-441b5d7527ea,home,school_or_university,school_or_university,home,home,other,other,home,,,,,,,,,,,,,,,,,,,,,,,,,,,,,,,,,,,,,,,,,,,,,,
104,15c81525-b5a5-4c1a-a96d-17d875a4b7c4,home,other,,,,,,,,,,,,,,,,,,,,,,,,,,,,,,,,,,,,,,,,,,,,,,,,,,,,
105,89a77d4c-0c46-419b-8b50-1fef1c68e9a1,home,work,,,,,,,,,,,,,,,,,,,,,,,,,,,,,,,,,,,,,,,,,,,,,,,,,,,,
106,0224a599-1a02-4362-a47f-d43c67a84ef6,home,work,home,shop,,,,,,,,,,,,,,,,,,,,,,,,,,,,,,,,,,,,,,,,,,,,,,,,,,
107,59bf3460-c037-4b64-a272-818c1360b417,home,work,work,other,other,shop,shop,home,home,intermediate,intermediate,intermediate,intermediate,work,work,intermediate,intermediate,intermediate,intermediate,home,,,,,,,,,,,,,,,,,,,,,,,,,,,,,,,,,,
108,fad402dc-875d-4a06-8d59-a34f712b5adf,home,work,work,home,,,,,,,,,,,,,,,,,,,,,,,,,,,,,,,,,,,,,,,,,,,,,,,,,,
109,edce9068-28b4-432e-8062-a0abb7dc5c43,home,work,,,,,,,,,,,,,,,,,,,,,,,,,,,,,,,,,,,,,,,,,,,,,,,,,,,,
110,ce61c71a-69ca-41a9-b719-dcc43ad50dc8,home,other,other,shop,shop,shop,shop,home,,,,,,,,,,,,,,,,,,,,,,,,,,,,,,,,,,,,,,,,,,,,,,
111,375399a2-065d-4a33-9d22-86b05e014095,home,work,work,home,home,other,other,home,,,,,,,,,,,,,,,,,,,,,,,,,,,,,,,,,,,,,,,,,,,,,,
112,1ae83b9e-4bab-485e-8c73-ee1b011a6d37,home,work,,,,,,,,,,,,,,,,,,,,,,,,,,,,,,,,,,,,,,,,,,,,,,,,,,,,
113,79bcbbc6-ce6a-40a2-a019-778e3f106967,home,intermediate,intermediate,intermediate,intermediate,work,work,intermediate,intermediate,intermediate,intermediate,home,home,other,other,home,,,,,,,,,,,,,,,,,,,,,,,,,,,,,,,,,,,,,,
114,5588ad7c-ad88-4af3-9933-695f041e4601,home,work,work,home,,,,,,,,,,,,,,,,,,,,,,,,,,,,,,,,,,,,,,,,,,,,,,,,,,
115,e4a62373-8855-4917-9329-d345dd2bcd2a,home,other,other,home,home,other,other,intermediate,intermediate,intermediate,intermediate,home,,,,,,,,,,,,,,,,,,,,,,,,,,,,,,,,,,,,,,,,,,
116,e97435c3-262b-4ee7-931f-aafd80e863a2,home,school_or_university,school_or_university,intermediate,intermediate,intermediate,intermediate,shop,shop,shop,shop,home,,,,,,,,,,,,,,,,,,,,,,,,,,,,,,,,,,,,,,,,,,
117,b12ed7a4-b60c-454f-b434-c9f49d648863,home,school_or_university,school_or_university,home,,,,,,,,,,,,,,,,,,,,,,,,,,,,,,,,,,,,,,,,,,,,,,,,,,
118,5d00c5c5-d990-4483-9b9b-744aab915f87,shop,shop,shop,shop,,,,,,,,,,,,,,,,,,,,,,,,,,,,,,,,,,,,,,,,,,,,,,,,,,
119,1dba1b61-6ed4-48c3-a2ce-a189391afb42,home,work,work,home,,,,,,,,,,,,,,,,,,,,,,,,,,,,,,,,,,,,,,,,,,,,,,,,,,
120,14a119db-c814-432a-a92d-99d4d3860f61,home,other,,,,,,,,,,,,,,,,,,,,,,,,,,,,,,,,,,,,,,,,,,,,,,,,,,,,
121,e4723f03-fdaf-424f-a19a-ae110ed46f7f,home,other,,,,,,,,,,,,,,,,,,,,,,,,,,,,,,,,,,,,,,,,,,,,,,,,,,,,
122,294c49e6-09f0-4896-85a1-fd6686b922b0,home,intermediate,intermediate,intermediate,intermediate,other,,,,,,,,,,,,,,,,,,,,,,,,,,,,,,,,,,,,,,,,,,,,,,,,
123,eeca61bd-17f5-40d0-bdc8-62c4619459e6,home,shop,,,,,,,,,,,,,,,,,,,,,,,,,,,,,,,,,,,,,,,,,,,,,,,,,,,,
124,8f1f47cc-3fc0-491c-94c8-19ac3732ec13,home,other,,,,,,,,,,,,,,,,,,,,,,,,,,,,,,,,,,,,,,,,,,,,,,,,,,,,
125,523eb26d-0fc8-45c5-bc49-44208ec58eb8,home,intermediate,intermediate,intermediate,intermediate,other,,,,,,,,,,,,,,,,,,,,,,,,,,,,,,,,,,,,,,,,,,,,,,,,
126,a72da0df-4e04-4b9d-ada6-d650e09448c0,home,intermediate,intermediate,intermediate,intermediate,office,,,,,,,,,,,,,,,,,,,,,,,,,,,,,,,,,,,,,,,,,,,,,,,,
127,edd6d02c-7a17-46e4-b1c8-ecc603e091d8,home,other,,,,,,,,,,,,,,,,,,,,,,,,,,,,,,,,,,,,,,,,,,,,,,,,,,,,
128,6e71a25c-90bf-49da-bbff-fad863bfaf7b,home,other,,,,,,,,,,,,,,,,,,,,,,,,,,,,,,,,,,,,,,,,,,,,,,,,,,,,
129,426ded89-3adf-43f7-96f6-60e8cd1c3a4d,home,work,work,shop,shop,home,,,,,,,,,,,,,,,,,,,,,,,,,,,,,,,,,,,,,,,,,,,,,,,,
130,388142ed-89c9-4e71-860f-a1705146b886,home,intermediate,intermediate,intermediate,intermediate,intermediate,intermediate,other,intermediate,intermediate,intermediate,intermediate,other,intermediate,intermediate,intermediate,intermediate,home,intermediate,intermediate,,,,,,,,,,,,,,,,,,,,,,,,,,,,,,,,,,
131,c78ade83-8b52-43ef-8203-78905bcff94a,home,work,work,school_or_university,school_or_university,work,work,home,,,,,,,,,,,,,,,,,,,,,,,,,,,,,,,,,,,,,,,,,,,,,,
132,fd5e74d2-e8a5-4c9b-8d08-b07d8150c7d3,home,shop,shop,work,work,home,,,,,,,,,,,,,,,,,,,,,,,,,,,,,,,,,,,,,,,,,,,,,,,,
133,d7d4dc72-52b9-4939-98b0-540d5ca75eec,home,work,work,other,home,school_or_university,,,,,,,,,,,,,,,,,,,,,,,,,,,,,,,,,,,,,,,,,,,,,,,,
134,fbc207d6-7d67-4e5c-8e33-f8c6ca744b24,home,work,work,shop,shop,work,work,other,other,home,,,,,,,,,,,,,,,,,,,,,,,,,,,,,,,,,,,,,,,,,,,,
135,389a2b41-3350-416c-a02f-5648343e4af1,home,other,other,work,work,other,other,work,,,,,,,,,,,,,,,,,,,,,,,,,,,,,,,,,,,,,,,,,,,,,,
136,66c264a6-2d71-44df-9789-caeab1fc1731,home,work,work,home,home,other,,,,,,,,,,,,,,,,,,,,,,,,,,,,,,,,,,,,,,,,,,,,,,,,
137,b75f567f-0f4e-43b3-bec8-c4a90393eadb,home,work,work,work,work,work,work,work,work,work,work,work,work,work,work,work,work,shop,shop,home,home,other,other,home,home,school_or_university,school_or_university,home,,,,,,,,,,,,,,,,,,,,,,,,,,
138,e834a610-c5cb-4899-a6d8-1a950c0e72e0,home,work,work,home,home,shop,shop,home,home,other,other,home,,,,,,,,,,,,,,,,,,,,,,,,,,,,,,,,,,,,,,,,,,
139,ed27d25b-4fa2-4c72-82a6-4ffcb3076585,home,work,work,other,other,home,,,,,,,,,,,,,,,,,,,,,,,,,,,,,,,,,,,,,,,,,,,,,,,,
140,71dd8ce6-654a-49b0-8da6-c8e39a628ffc,home,work,work,work,work,shop,shop,other,other,home,,,,,,,,,,,,,,,,,,,,,,,,,,,,,,,,,,,,,,,,,,,,
141,8d4066c8-ddb1-441f-ad9b-38d180f32d58,home,other,home,shop,,,,,,,,,,,,,,,,,,,,,,,,,,,,,,,,,,,,,,,,,,,,,,,,,,
142,b4e0e471-57dc-4f31-8411-639e77223f88,home,other,,,,,,,,,,,,,,,,,,,,,,,,,,,,,,,,,,,,,,,,,,,,,,,,,,,,
143,f74aa443-51cb-40b1-9618-4127c6e5ece0,home,other,other,shop,shop,other,other,home,,,,,,,,,,,,,,,,,,,,,,,,,,,,,,,,,,,,,,,,,,,,,,
144,832b4054-dc3e-443e-adfc-fd693373fc98,other,home,,,,,,,,,,,,,,,,,,,,,,,,,,,,,,,,,,,,,,,,,,,,,,,,,,,,
145,849a8c19-3a93-462d-9b3f-309a080c5c26,home,park,,,,,,,,,,,,,,,,,,,,,,,,,,,,,,,,,,,,,,,,,,,,,,,,,,,,
146,41f19a55-c407-4452-8876-c3087c5f832f,home,work,work,other,other,other,other,home,,,,,,,,,,,,,,,,,,,,,,,,,,,,,,,,,,,,,,,,,,,,,,
147,686e5539-7efe-4544-a480-2f5e27ad5824,home,work,work,home,,,,,,,,,,,,,,,,,,,,,,,,,,,,,,,,,,,,,,,,,,,,,,,,,,
148,1c7575fb-5a29-4354-b26c-03056b43906a,home,work,work,office,office,home,,,,,,,,,,,,,,,,,,,,,,,,,,,,,,,,,,,,,,,,,,,,,,,,
149,78994eab-acad-433f-809d-0c38be664e0e,home,work,,,,,,,,,,,,,,,,,,,,,,,,,,,,,,,,,,,,,,,,,,,,,,,,,,,,
150,385301ed-ae9e-4e14-9b01-0090e9ab7ffe,home,office,home,other,,,,,,,,,,,,,,,,,,,,,,,,,,,,,,,,,,,,,,,,,,,,,,,,,,
151,7bd1a542-6806-4279-9391-95b3d79a7762,home,work,work,home,home,other,other,home,,,,,,,,,,,,,,,,,,,,,,,,,,,,,,,,,,,,,,,,,,,,,,
152,5fd98949-00ad-4d3f-83fd-80ac5e05d24d,home,intermediate,intermediate,intermediate,intermediate,work,work,intermediate,intermediate,intermediate,intermediate,other,other,intermediate,intermediate,intermediate,intermediate,shop,shop,home,,,,,,,,,,,,,,,,,,,,,,,,,,,,,,,,,,
153,9789d5c7-95c6-4fc8-8315-630a8cc4ef5e,home,work,work,other,other,home,home,park,park,home,home,other,other,home,,,,,,,,,,,,,,,,,,,,,,,,,,,,,,,,,,,,,,,,
154,3127a55d-ea7b-4e17-ac58-39e6a5e16dde,school_or_university,office,,,,,,,,,,,,,,,,,,,,,,,,,,,,,,,,,,,,,,,,,,,,,,,,,,,,
155,10dad9ce-e7da-40e6-bb08-5b6888f17473,home,work,work,intermediate,intermediate,intermediate,intermediate,home,home,other,other,home,,,,,,,,,,,,,,,,,,,,,,,,,,,,,,,,,,,,,,,,,,
156,f4a49107-4f6d-41f7-acd0-d4619cbf4d22,home,work,work,intermediate,intermediate,intermediate,intermediate,home,,,,,,,,,,,,,,,,,,,,,,,,,,,,,,,,,,,,,,,,,,,,,,
157,46689db9-6dc5-4471-9818-a00a10e49571,home,school_or_university,school_or_university,work,work,shop,shop,home,home,other,other,home,,,,,,,,,,,,,,,,,,,,,,,,,,,,,,,,,,,,,,,,,,
158,cbed6542-2844-4d0a-b0c5-f7276b2bffd8,home,work,home,other,,,,,,,,,,,,,,,,,,,,,,,,,,,,,,,,,,,,,,,,,,,,,,,,,,
159,a6a30267-8689-47d2-a1f0-e03b98761aef,home,work,work,other,other,home,,,,,,,,,,,,,,,,,,,,,,,,,,,,,,,,,,,,,,,,,,,,,,,,
160,36911d08-54e2-4d70-92b8-807504f5e246,home,other,,,,,,,,,,,,,,,,,,,,,,,,,,,,,,,,,,,,,,,,,,,,,,,,,,,,
161,e5d122ce-b0ec-441e-91ae-4db734b90597,home,park,,,,,,,,,,,,,,,,,,,,,,,,,,,,,,,,,,,,,,,,,,,,,,,,,,,,
162,ee8febf6-d56d-44d8-92be-43ccc7761cfd,home,intermediate,intermediate,intermediate,intermediate,other,,,,,,,,,,,,,,,,,,,,,,,,,,,,,,,,,,,,,,,,,,,,,,,,
163,d7e5f109-4e54-4fdf-8d3e-e35717a6d7de,home,intermediate,intermediate,intermediate,intermediate,other,,,,,,,,,,,,,,,,,,,,,,,,,,,,,,,,,,,,,,,,,,,,,,,,
164,9c1826d9-8afa-48da-9755-dccc300da7d2,home,work,,,,,,,,,,,,,,,,,,,,,,,,,,,,,,,,,,,,,,,,,,,,,,,,,,,,
165,8ddfa59b-6bc6-4e3a-8c48-3dd322799026,home,intermediate,intermediate,intermediate,intermediate,work,work,intermediate,intermediate,intermediate,intermediate,home,,,,,,,,,,,,,,,,,,,,,,,,,,,,,,,,,,,,,,,,,,
166,64ee50d0-0f97-44e4-b6d9-0934d4a3cb3b,home,school_or_university,school_or_university,home,home,other,other,home,,,,,,,,,,,,,,,,,,,,,,,,,,,,,,,,,,,,,,,,,,,,,,
167,0297e518-b0eb-455f-be1e-64025f90ebff,home,work,work,home,home,other,other,home,,,,,,,,,,,,,,,,,,,,,,,,,,,,,,,,,,,,,,,,,,,,,,
168,143cc8d0-d989-4523-8295-6d97b6241a1c,home,work,work,shop,shop,other,other,home,,,,,,,,,,,,,,,,,,,,,,,,,,,,,,,,,,,,,,,,,,,,,,
169,f6094a51-d856-41d7-a234-3ffc27c56ec5,home,work,work,intermediate,intermediate,intermediate,intermediate,other,other,home,,,,,,,,,,,,,,,,,,,,,,,,,,,,,,,,,,,,,,,,,,,,
170,a78886a3-feb6-47b1-8b25-1bbd6fb01d1f,home,work,home,other,home,other,,,,,,,,,,,,,,,,,,,,,,,,,,,,,,,,,,,,,,,,,,,,,,,,
171,871ab7c8-1f8b-428b-aa5e-61c26b82b699,home,school_or_university,,,,,,,,,,,,,,,,,,,,,,,,,,,,,,,,,,,,,,,,,,,,,,,,,,,,
172,7fb77bb9-1103-4d90-9299-072af0646b2f,home,work,home,other,,,,,,,,,,,,,,,,,,,,,,,,,,,,,,,,,,,,,,,,,,,,,,,,,,
173,bfeb5777-2b2b-460c-83fa-7d0f2e1bf95e,home,work,work,shop,shop,home,home,other,,,,,,,,,,,,,,,,,,,,,,,,,,,,,,,,,,,,,,,,,,,,,,
174,03e03f11-ad8b-4880-b5e9-d9d7d665d0c7,home,school_or_university,school_or_university,work,work,home,,,,,,,,,,,,,,,,,,,,,,,,,,,,,,,,,,,,,,,,,,,,,,,,
175,57ed176f-3cc0-466b-bd52-2c560b146d8d,school_or_university,home,,,,,,,,,,,,,,,,,,,,,,,,,,,,,,,,,,,,,,,,,,,,,,,,,,,,
176,0d36db68-f0ce-476d-ab4e-d82be45b6d53,home,school_or_university,,,,,,,,,,,,,,,,,,,,,,,,,,,,,,,,,,,,,,,,,,,,,,,,,,,,
177,3af9ee12-f847-4a05-b87c-4ffcc33348c9,home,work,home,shop,home,other,work,home,,,,,,,,,,,,,,,,,,,,,,,,,,,,,,,,,,,,,,,,,,,,,,
178,cf2ffcf0-b73a-4080-a3ff-cf0d2c3985e7,home,work,work,school_or_university,school_or_university,work,work,home,,,,,,,,,,,,,,,,,,,,,,,,,,,,,,,,,,,,,,,,,,,,,,
179,349e348d-98ce-41fe-8a3e-211189de7334,home,intermediate,intermediate,intermediate,intermediate,work,work,home,,,,,,,,,,,,,,,,,,,,,,,,,,,,,,,,,,,,,,,,,,,,,,
180,664509be-f7a8-40fe-bf5a-2508bb0555ab,home,intermediate,intermediate,intermediate,intermediate,work,work,office,office,intermediate,intermediate,intermediate,intermediate,intermediate,intermediate,intermediate,intermediate,intermediate,intermediate,home,intermediate,intermediate,home,intermediate,intermediate,intermediate,intermediate,intermediate,intermediate,other,intermediate,intermediate,other,intermediate,intermediate,intermediate,intermediate,intermediate,intermediate,home,intermediate,intermediate,,,,,,,,,,,,
181,a0806a87-0399-4036-9d94-5f4a6cd04a16,home,intermediate,intermediate,intermediate,intermediate,work,work,intermediate,intermediate,intermediate,intermediate,home,,,,,,,,,,,,,,,,,,,,,,,,,,,,,,,,,,,,,,,,,,
182,9521bc1e-44cc-4a29-b1fd-3dbf4489e459,home,work,work,work,work,shop,shop,intermediate,intermediate,intermediate,intermediate,home,,,,,,,,,,,,,,,,,,,,,,,,,,,,,,,,,,,,,,,,,,
183,ae50e48b-0a53-4db0-8c83-54684d3f6ee0,home,other,,,,,,,,,,,,,,,,,,,,,,,,,,,,,,,,,,,,,,,,,,,,,,,,,,,,
184,669989d0-1d9a-469f-becb-1d93fbbbde39,home,park,home,work,home,school_or_university,,,,,,,,,,,,,,,,,,,,,,,,,,,,,,,,,,,,,,,,,,,,,,,,
185,3f2a2591-ad6f-4593-9aac-dbc8b9aeb205,home,intermediate,intermediate,intermediate,intermediate,other,,,,,,,,,,,,,,,,,,,,,,,,,,,,,,,,,,,,,,,,,,,,,,,,
186,c8a43fbd-0d91-4b63-b5cf-2c8a53aa741c,intermediate,intermediate,intermediate,other,home,intermediate,,,,,,,,,,,,,,,,,,,,,,,,,,,,,,,,,,,,,,,,,,,,,,,,
187,b23618ec-8d3e-4c18-bd7f-7de70b59aac5,home,intermediate,intermediate,intermediate,intermediate,work,,,,,,,,,,,,,,,,,,,,,,,,,,,,,,,,,,,,,,,,,,,,,,,,
188,8c9ede01-d0c0-4249-bf9f-5c810afa9e01,home,school_or_university,,,,,,,,,,,,,,,,,,,,,,,,,,,,,,,,,,,,,,,,,,,,,,,,,,,,
189,b9a29fb4-12f3-431c-8893-c9fe2182d2ef,home,work,,,,,,,,,,,,,,,,,,,,,,,,,,,,,,,,,,,,,,,,,,,,,,,,,,,,
190,74f876ef-52cd-4a35-aa50-484e34d43735,home,school_or_university,school_or_university,home,,,,,,,,,,,,,,,,,,,,,,,,,,,,,,,,,,,,,,,,,,,,,,,,,,
191,ea41edb5-7f35-48d1-b1b1-75bf8f47a460,home,work,home,other,home,other,,,,,,,,,,,,,,,,,,,,,,,,,,,,,,,,,,,,,,,,,,,,,,,,
192,8163c090-c307-43ca-8b4a-c4bf4b54a0c8,home,other,other,other,other,other,other,other,other,other,other,other,other,home,,,,,,,,,,,,,,,,,,,,,,,,,,,,,,,,,,,,,,,,
193,5b590626-7876-4276-9f76-28b87f23a16c,home,work,work,shop,shop,home,,,,,,,,,,,,,,,,,,,,,,,,,,,,,,,,,,,,,,,,,,,,,,,,
194,1f2cf889-e7c3-49cf-9c9c-138eb51c67b8,home,work,,,,,,,,,,,,,,,,,,,,,,,,,,,,,,,,,,,,,,,,,,,,,,,,,,,,
195,0acf0450-516f-46bc-b998-c79aa8928b38,home,work,,,,,,,,,,,,,,,,,,,,,,,,,,,,,,,,,,,,,,,,,,,,,,,,,,,,
196,d412f8f2-e1e1-4c8d-b0f0-743b99f1b90c,home,work,work,home,home,other,other,home,,,,,,,,,,,,,,,,,,,,,,,,,,,,,,,,,,,,,,,,,,,,,,
197,1de41d5d-f0c2-4a1b-b2b0-2a383879ca3f,home,school_or_university,school_or_university,intermediate,intermediate,intermediate,intermediate,work,work,home,,,,,,,,,,,,,,,,,,,,,,,,,,,,,,,,,,,,,,,,,,,,
198,9b515e14-21ac-48e2-92a4-402daee3833d,home,work,work,shop,shop,home,,,,,,,,,,,,,,,,,,,,,,,,,,,,,,,,,,,,,,,,,,,,,,,,
199,72e99b22-0739-4bd2-b90f-80f61da76ed5,home,work,work,home,,,,,,,,,,,,,,,,,,,,,,,,,,,,,,,,,,,,,,,,,,,,,,,,,,
200,9b5e3387-7f92-4949-806d-e33451fbd813,home,school_or_university,,,,,,,,,,,,,,,,,,,,,,,,,,,,,,,,,,,,,,,,,,,,,,,,,,,,
201,2f20c336-edb9-4cde-863f-e37cb44c5885,home,work,work,home,home,shop,shop,home,home,work,work,home,home,other,other,home,,,,,,,,,,,,,,,,,,,,,,,,,,,,,,,,,,,,,,
202,937d7fe5-7060-448b-a152-ac99d135c52c,intermediate,intermediate,intermediate,other,home,intermediate,,,,,,,,,,,,,,,,,,,,,,,,,,,,,,,,,,,,,,,,,,,,,,,,
203,4af7caf5-57cf-48b0-a764-2b3936f44061,other,other,,,,,,,,,,,,,,,,,,,,,,,,,,,,,,,,,,,,,,,,,,,,,,,,,,,,
204,265b0574-0ca4-4622-91ad-9d7f40ebca76,home,shop,,,,,,,,,,,,,,,,,,,,,,,,,,,,,,,,,,,,,,,,,,,,,,,,,,,,
205,e46e3a4a-89a1-46af-9282-848098db1c81,home,work,work,other,other,home,,,,,,,,,,,,,,,,,,,,,,,,,,,,,,,,,,,,,,,,,,,,,,,,
206,c3b91161-442f-418a-a75d-20de1283cd84,work,other,,,,,,,,,,,,,,,,,,,,,,,,,,,,,,,,,,,,,,,,,,,,,,,,,,,,
207,448bc1db-38d0-4387-9bdd-af7d62cdb195,home,intermediate,intermediate,intermediate,intermediate,other,,,,,,,,,,,,,,,,,,,,,,,,,,,,,,,,,,,,,,,,,,,,,,,,
208,5d2f0c42-26a3-43a4-ab76-8c31f2d7bd5d,home,other,other,other,,,,,,,,,,,,,,,,,,,,,,,,,,,,,,,,,,,,,,,,,,,,,,,,,,
209,8d4e08f6-af4c-4918-b95a-72ae43c51f49,home,other,,,,,,,,,,,,,,,,,,,,,,,,,,,,,,,,,,,,,,,,,,,,,,,,,,,,
210,e20c7967-f974-4ca3-b5c7-be2f12ec2eb0,intermediate,intermediate,intermediate,other,home,intermediate,,,,,,,,,,,,,,,,,,,,,,,,,,,,,,,,,,,,,,,,,,,,,,,,
211,ef71a874-220e-4225-a63d-40dc44577fb2,home,park,,,,,,,,,,,,,,,,,,,,,,,,,,,,,,,,,,,,,,,,,,,,,,,,,,,,
212,9ad97e38-e945-4e0e-8db2-e779230dc2c6,home,work,,,,,,,,,,,,,,,,,,,,,,,,,,,,,,,,,,,,,,,,,,,,,,,,,,,,
213,ed7df40b-ef7b-406d-8b9a-071a5006fef3,home,work,work,office,office,school_or_university,school_or_university,work,work,home,home,other,other,home,,,,,,,,,,,,,,,,,,,,,,,,,,,,,,,,,,,,,,,,
214,44ae1853-d034-413d-9492-eb7f16a125fc,home,work,work,other,other,intermediate,intermediate,intermediate,intermediate,work,work,home,,,,,,,,,,,,,,,,,,,,,,,,,,,,,,,,,,,,,,,,,,
215,871f99f4-8253-44cc-9ef8-c1f902ef0e7a,home,work,work,home,,,,,,,,,,,,,,,,,,,,,,,,,,,,,,,,,,,,,,,,,,,,,,,,,,
216,d512e32a-12c6-44fb-ba4d-d665ade46ea6,home,other,other,other,other,home,,,,,,,,,,,,,,,,,,,,,,,,,,,,,,,,,,,,,,,,,,,,,,,,
217,1e632518-ccec-4dce-aefb-5a59e608ace1,home,work,work,shop,shop,home,,,,,,,,,,,,,,,,,,,,,,,,,,,,,,,,,,,,,,,,,,,,,,,,
218,f8fddc66-99b7-42c2-b308-53a354caffd8,home,work,work,home,,,,,,,,,,,,,,,,,,,,,,,,,,,,,,,,,,,,,,,,,,,,,,,,,,
219,17e3f3ac-9a9b-4974-8b7c-56d19c14fbb0,home,work,work,shop,shop,other,other,other,other,home,,,,,,,,,,,,,,,,,,,,,,,,,,,,,,,,,,,,,,,,,,,,
220,6bdf0dc1-efa9-4d06-8f30-bba272743323,home,intermediate,intermediate,intermediate,intermediate,work,work,home,,,,,,,,,,,,,,,,,,,,,,,,,,,,,,,,,,,,,,,,,,,,,,
221,9cabc665-c90a-45e5-9d79-924ddbaee47a,home,work,,,,,,,,,,,,,,,,,,,,,,,,,,,,,,,,,,,,,,,,,,,,,,,,,,,,
222,54b62635-422b-40b5-a3d5-ecf9fef26cd1,home,work,work,home,,,,,,,,,,,,,,,,,,,,,,,,,,,,,,,,,,,,,,,,,,,,,,,,,,
223,8af1f0f5-fa7d-492f-b2a2-1f320afad41f,home,work,,,,,,,,,,,,,,,,,,,,,,,,,,,,,,,,,,,,,,,,,,,,,,,,,,,,
224,36f67139-2e4d-48a3-9a28-9c58b533587e,school_or_university,intermediate,intermediate,intermediate,intermediate,intermediate,intermediate,other,intermediate,intermediate,,,,,,,,,,,,,,,,,,,,,,,,,,,,,,,,,,,,,,,,,,,,
225,78b4ed76-789b-4da6-b886-9f409bdc05c9,school_or_university,school_or_university,school_or_university,home,,,,,,,,,,,,,,,,,,,,,,,,,,,,,,,,,,,,,,,,,,,,,,,,,,
226,519cfd7a-4882-4694-9e70-a192f8416569,home,school_or_university,school_or_university,work,work,school_or_university,school_or_university,home,home,other,other,other,other,home,home,other,other,home,,,,,,,,,,,,,,,,,,,,,,,,,,,,,,,,,,,,
227,b5c69ca8-5f65-4d29-9eb1-1b365e6dd354,home,intermediate,intermediate,intermediate,intermediate,work,work,shop,shop,intermediate,intermediate,intermediate,intermediate,home,,,,,,,,,,,,,,,,,,,,,,,,,,,,,,,,,,,,,,,,
228,52126e94-cbc4-4634-9f65-eb5e64aa71ba,home,work,work,shop,shop,shop,shop,shop,shop,shop,,,,,,,,,,,,,,,,,,,,,,,,,,,,,,,,,,,,,,,,,,,,
229,05c3aecf-97b9-456e-9de7-ade38af22b0d,home,work,work,shop,shop,home,home,other,other,home,,,,,,,,,,,,,,,,,,,,,,,,,,,,,,,,,,,,,,,,,,,,
230,17df62d5-0ff8-4bdc-9051-d1b06bdc0e8a,home,work,work,other,other,shop,shop,home,,,,,,,,,,,,,,,,,,,,,,,,,,,,,,,,,,,,,,,,,,,,,,
231,2b33ae3c-c69b-45ee-b18c-5c9c6307adcd,home,intermediate,intermediate,intermediate,intermediate,work,work,intermediate,intermediate,intermediate,intermediate,shop,shop,other,other,home,,,,,,,,,,,,,,,,,,,,,,,,,,,,,,,,,,,,,,
232,25a17a2c-dc71-4ff2-86c2-613c8a757551,home,other,home,shop,home,work,,,,,,,,,,,,,,,,,,,,,,,,,,,,,,,,,,,,,,,,,,,,,,,,
233,be40e0b6-da27-4f6c-81ab-931698b8820a,home,other,other,work,work,other,other,home,,,,,,,,,,,,,,,,,,,,,,,,,,,,,,,,,,,,,,,,,,,,,,
234,7a78eed9-2e1b-4c12-8cf8-2f9ae3d2b2e3,home,work,work,home,,,,,,,,,,,,,,,,,,,,,,,,,,,,,,,,,,,,,,,,,,,,,,,,,,
235,ecdaba8f-c765-4155-9e4c-a34210c38c54,work,work,,,,,,,,,,,,,,,,,,,,,,,,,,,,,,,,,,,,,,,,,,,,,,,,,,,,
236,08ff3842-94ac-4eb4-9fcd-b8d74c31343c,home,intermediate,intermediate,intermediate,intermediate,intermediate,intermediate,intermediate,intermediate,work,intermediate,intermediate,intermediate,intermediate,work,intermediate,intermediate,intermediate,intermediate,intermediate,intermediate,intermediate,intermediate,shop,intermediate,intermediate,intermediate,intermediate,shop,home,,,,,,,,,,,,,,,,,,,,,,,,
237,d9c55c7b-e458-4771-88ae-0b0007a3c4a6,home,intermediate,intermediate,intermediate,intermediate,work,work,intermediate,intermediate,intermediate,intermediate,home,,,,,,,,,,,,,,,,,,,,,,,,,,,,,,,,,,,,,,,,,,
238,e0d47533-4eda-4826-87e3-eedbb73ea690,home,school_or_university,,,,,,,,,,,,,,,,,,,,,,,,,,,,,,,,,,,,,,,,,,,,,,,,,,,,
239,838a4d54-fd64-4c2d-8683-f24653078fe9,home,work,,,,,,,,,,,,,,,,,,,,,,,,,,,,,,,,,,,,,,,,,,,,,,,,,,,,
240,1055f689-07c5-4d43-a236-9cb31e4acd57,home,other,,,,,,,,,,,,,,,,,,,,,,,,,,,,,,,,,,,,,,,,,,,,,,,,,,,,
241,9a751896-c0f4-400b-8019-6654103d2489,home,work,work,shop,shop,home,,,,,,,,,,,,,,,,,,,,,,,,,,,,,,,,,,,,,,,,,,,,,,,,
242,36a60678-f23a-4dc3-a684-9885ecfa4c8e,home,work,work,shop,shop,home,,,,,,,,,,,,,,,,,,,,,,,,,,,,,,,,,,,,,,,,,,,,,,,,
243,709f2770-e8c3-4752-890c-94897da2af8d,intermediate,intermediate,home,intermediate,intermediate,work,intermediate,intermediate,intermediate,intermediate,work,home,,,,,,,,,,,,,,,,,,,,,,,,,,,,,,,,,,,,,,,,,,
244,9c0dd4d7-2b7e-4986-907b-47afdaff0c7f,home,intermediate,intermediate,intermediate,intermediate,work,work,home,,,,,,,,,,,,,,,,,,,,,,,,,,,,,,,,,,,,,,,,,,,,,,
245,575194d6-b32d-4aa4-83c9-82fd75d79acf,other,shop,,,,,,,,,,,,,,,,,,,,,,,,,,,,,,,,,,,,,,,,,,,,,,,,,,,,
246,a12c6624-1c09-48d2-9840-284ed847b05c,home,work,work,other,other,home,,,,,,,,,,,,,,,,,,,,,,,,,,,,,,,,,,,,,,,,,,,,,,,,
247,6e1151b1-5f1e-4096-98cd-afe76072292d,home,other,other,work,work,other,other,home,,,,,,,,,,,,,,,,,,,,,,,,,,,,,,,,,,,,,,,,,,,,,,
248,3e899385-a4c8-4df2-b275-043bc6d90508,home,work,home,other,,,,,,,,,,,,,,,,,,,,,,,,,,,,,,,,,,,,,,,,,,,,,,,,,,
249,f35406e9-b033-4b73-b4cb-0f5b1992f39b,home,school_or_university,school_or_university,home,,,,,,,,,,,,,,,,,,,,,,,,,,,,,,,,,,,,,,,,,,,,,,,,,,
250,7ce0038a-83c6-43ff-ae7d-03e66f1bb012,home,intermediate,intermediate,intermediate,intermediate,school_or_university,school_or_university,intermediate,intermediate,intermediate,intermediate,home,,,,,,,,,,,,,,,,,,,,,,,,,,,,,,,,,,,,,,,,,,
251,4b52ecad-3a13-4069-bce9-80d9791cdc29,home,work,work,home,home,other,other,other,other,home,,,,,,,,,,,,,,,,,,,,,,,,,,,,,,,,,,,,,,,,,,,,
252,80e4919e-6ff5-4d4d-a4d0-3e7a080eeb42,home,office,,,,,,,,,,,,,,,,,,,,,,,,,,,,,,,,,,,,,,,,,,,,,,,,,,,,
253,4d7e9810-a233-47fa-bdf1-e75e3de4a91a,home,home,,,,,,,,,,,,,,,,,,,,,,,,,,,,,,,,,,,,,,,,,,,,,,,,,,,,
254,180f20bc-669a-4dc5-9b94-10c8a189cb9e,home,intermediate,intermediate,intermediate,intermediate,work,work,intermediate,intermediate,intermediate,intermediate,other,other,intermediate,intermediate,intermediate,intermediate,intermediate,intermediate,home,intermediate,intermediate,,,,,,,,,,,,,,,,,,,,,,,,,,,,,,,,
255,fef41699-b197-423b-b50b-b1228188de45,home,shop,other,home,,,,,,,,,,,,,,,,,,,,,,,,,,,,,,,,,,,,,,,,,,,,,,,,,,
256,cd433d2f-d643-4839-a742-04f0cce998eb,home,work,,,,,,,,,,,,,,,,,,,,,,,,,,,,,,,,,,,,,,,,,,,,,,,,,,,,
257,20d3c872-19c4-4cd4-88b4-4a943c130a37,home,other,,,,,,,,,,,,,,,,,,,,,,,,,,,,,,,,,,,,,,,,,,,,,,,,,,,,
258,5846fbfc-df96-444e-9d17-a3a8e0118f46,home,work,work,home,home,shop,shop,home,,,,,,,,,,,,,,,,,,,,,,,,,,,,,,,,,,,,,,,,,,,,,,
259,bdad0f60-13a8-4a71-80a1-8e8b9bd7ca69,intermediate,intermediate,home,intermediate,intermediate,work,intermediate,intermediate,intermediate,intermediate,work,intermediate,intermediate,intermediate,intermediate,intermediate,intermediate,intermediate,intermediate,other,intermediate,intermediate,intermediate,intermediate,intermediate,intermediate,other,home,intermediate,intermediate,home,other,other,home,home,intermediate,intermediate,intermediate,intermediate,intermediate,intermediate,other,intermediate,intermediate,intermediate,intermediate,other,intermediate,intermediate,intermediate,intermediate,intermediate,intermediate,home
260,96d1a3d7-72fb-4572-b0b7-5dfd49ab8ad7,home,school_or_university,school_or_university,intermediate,intermediate,intermediate,intermediate,shop,shop,home,home,intermediate,intermediate,intermediate,intermediate,other,other,intermediate,intermediate,intermediate,intermediate,home,,,,,,,,,,,,,,,,,,,,,,,,,,,,,,,,
261,f3b56f78-5444-49d4-a6a7-b62ffa00c4f1,park,park,other,other,,,,,,,,,,,,,,,,,,,,,,,,,,,,,,,,,,,,,,,,,,,,,,,,,,
262,bfb90d96-4614-48dc-8567-57b7c8dd3e8a,home,park,park,home,home,other,other,home,home,home,,,,,,,,,,,,,,,,,,,,,,,,,,,,,,,,,,,,,,,,,,,,
263,eaad4651-3261-4ffe-87fc-93e265447c4f,home,work,home,park,work,intermediate,intermediate,intermediate,intermediate,home,,,,,,,,,,,,,,,,,,,,,,,,,,,,,,,,,,,,,,,,,,,,
264,104b095f-ae9d-4ff6-b030-12a14b281a21,home,other,other,work,work,other,other,home,,,,,,,,,,,,,,,,,,,,,,,,,,,,,,,,,,,,,,,,,,,,,,
265,586091b8-9432-42e9-80d5-4ded2cc8a8a4,home,intermediate,intermediate,intermediate,intermediate,work,work,other,other,intermediate,intermediate,intermediate,intermediate,home,,,,,,,,,,,,,,,,,,,,,,,,,,,,,,,,,,,,,,,,
266,4fb0d76a-929f-469c-a029-15b29304d8ae,intermediate,intermediate,intermediate,work,home,intermediate,,,,,,,,,,,,,,,,,,,,,,,,,,,,,,,,,,,,,,,,,,,,,,,,
267,31e666cf-e961-4110-8b72-02b0c6308dd0,home,work,,,,,,,,,,,,,,,,,,,,,,,,,,,,,,,,,,,,,,,,,,,,,,,,,,,,
268,831584a9-7243-45a3-94cf-c6cd0ce3cbba,other,home,,,,,,,,,,,,,,,,,,,,,,,,,,,,,,,,,,,,,,,,,,,,,,,,,,,,
269,7860c55b-d8e9-4d4f-8c9b-db45b688172f,home,work,,,,,,,,,,,,,,,,,,,,,,,,,,,,,,,,,,,,,,,,,,,,,,,,,,,,
270,43fa562f-719e-41d0-8e09-7427ba941730,intermediate,intermediate,intermediate,shop,home,intermediate,,,,,,,,,,,,,,,,,,,,,,,,,,,,,,,,,,,,,,,,,,,,,,,,
271,af71c5b1-1dfb-4039-bb17-238d36201430,intermediate,intermediate,intermediate,intermediate,intermediate,intermediate,home,intermediate,intermediate,other,,,,,,,,,,,,,,,,,,,,,,,,,,,,,,,,,,,,,,,,,,,,
272,545570f6-136d-4066-b67b-be35b6f3792d,home,intermediate,intermediate,intermediate,intermediate,intermediate,intermediate,other,intermediate,intermediate,,,,,,,,,,,,,,,,,,,,,,,,,,,,,,,,,,,,,,,,,,,,
273,b17caaa2-339e-4fb8-af00-5bf5aa762e5e,intermediate,intermediate,intermediate,other,home,intermediate,,,,,,,,,,,,,,,,,,,,,,,,,,,,,,,,,,,,,,,,,,,,,,,,
274,ac2c9899-1eba-4ff2-ace6-08f0531d7907,home,school_or_university,school_or_university,other,other,work,work,home,,,,,,,,,,,,,,,,,,,,,,,,,,,,,,,,,,,,,,,,,,,,,,
275,10cc3198-b301-428b-8b38-17be9562418f,home,shop,,,,,,,,,,,,,,,,,,,,,,,,,,,,,,,,,,,,,,,,,,,,,,,,,,,,
276,415ef028-72bf-4e34-981f-1ecb44e57ada,home,other,,,,,,,,,,,,,,,,,,,,,,,,,,,,,,,,,,,,,,,,,,,,,,,,,,,,
277,5f63f9a4-f004-4505-9820-4236e9cdc998,home,school_or_university,,,,,,,,,,,,,,,,,,,,,,,,,,,,,,,,,,,,,,,,,,,,,,,,,,,,
278,aa38af1a-a127-48f4-b21a-341c8e355223,home,shop,,,,,,,,,,,,,,,,,,,,,,,,,,,,,,,,,,,,,,,,,,,,,,,,,,,,
279,4858db29-a46f-4f75-9b14-35e0c026b846,home,shop,,,,,,,,,,,,,,,,,,,,,,,,,,,,,,,,,,,,,,,,,,,,,,,,,,,,
280,6214916b-ec75-4060-b8a9-a7b92c059c20,home,shop,,,,,,,,,,,,,,,,,,,,,,,,,,,,,,,,,,,,,,,,,,,,,,,,,,,,
281,59527ee8-3d49-4446-9c19-13de09589f5b,home,intermediate,intermediate,intermediate,intermediate,school_or_university,,,,,,,,,,,,,,,,,,,,,,,,,,,,,,,,,,,,,,,,,,,,,,,,
282,7fd26333-1284-47b1-9464-7f28ba95a290,home,work,,,,,,,,,,,,,,,,,,,,,,,,,,,,,,,,,,,,,,,,,,,,,,,,,,,,
283,bfce44f3-6d11-4e79-b713-31f9f930d28d,home,other,,,,,,,,,,,,,,,,,,,,,,,,,,,,,,,,,,,,,,,,,,,,,,,,,,,,
284,52b29ff0-9ef3-4e70-8d5d-518f24c88233,home,work,,,,,,,,,,,,,,,,,,,,,,,,,,,,,,,,,,,,,,,,,,,,,,,,,,,,
285,bfaa1a29-9a15-4202-bc50-ff645068751f,home,other,other,home,,,,,,,,,,,,,,,,,,,,,,,,,,,,,,,,,,,,,,,,,,,,,,,,,,
286,af481691-55e4-4cff-a031-04ece721608c,home,other,,,,,,,,,,,,,,,,,,,,,,,,,,,,,,,,,,,,,,,,,,,,,,,,,,,,
287,ed89b8f0-1a4f-44d3-86f3-8129d1d3183b,home,shop,,,,,,,,,,,,,,,,,,,,,,,,,,,,,,,,,,,,,,,,,,,,,,,,,,,,
288,7280f119-bdf8-4f12-882a-52d0a76b0b4d,intermediate,intermediate,intermediate,intermediate,home,intermediate,intermediate,school_or_university,intermediate,intermediate,,,,,,,,,,,,,,,,,,,,,,,,,,,,,,,,,,,,,,,,,,,,
289,714a31bb-8cae-4e03-b6cf-0925c36d446b,home,work,,,,,,,,,,,,,,,,,,,,,,,,,,,,,,,,,,,,,,,,,,,,,,,,,,,,
290,a060dcb6-4cee-47b0-bb33-71b2bd20037f,home,work,,,,,,,,,,,,,,,,,,,,,,,,,,,,,,,,,,,,,,,,,,,,,,,,,,,,
291,1cbbf386-c1bb-478f-9001-443590d643c3,home,school_or_university,school_or_university,work,work,school_or_university,school_or_university,home,,,,,,,,,,,,,,,,,,,,,,,,,,,,,,,,,,,,,,,,,,,,,,
292,731c781f-851f-41ec-b17f-42c7b694a3ec,home,school_or_university,school_or_university,intermediate,intermediate,intermediate,intermediate,other,other,intermediate,intermediate,intermediate,intermediate,home,,,,,,,,,,,,,,,,,,,,,,,,,,,,,,,,,,,,,,,,
293,ace37de2-bcc7-4c77-890a-46c90373e563,home,work,,,,,,,,,,,,,,,,,,,,,,,,,,,,,,,,,,,,,,,,,,,,,,,,,,,,
294,58efbe4b-cecc-4428-9001-8820d5845f4d,home,school_or_university,school_or_university,intermediate,intermediate,intermediate,intermediate,work,work,intermediate,intermediate,intermediate,intermediate,home,,,,,,,,,,,,,,,,,,,,,,,,,,,,,,,,,,,,,,,,
295,8bcffc35-b646-4039-9ff7-d8802725b77b,intermediate,intermediate,intermediate,work,home,intermediate,intermediate,intermediate,work,intermediate,intermediate,home,,,,,,,,,,,,,,,,,,,,,,,,,,,,,,,,,,,,,,,,,,
296,5d711d0d-ffcb-4250-9193-9859778ac13d,home,intermediate,intermediate,intermediate,intermediate,intermediate,intermediate,work,intermediate,intermediate,work,intermediate,intermediate,intermediate,intermediate,intermediate,intermediate,intermediate,intermediate,home,,,,,,,,,,,,,,,,,,,,,,,,,,,,,,,,,,
297,5330fd7f-5fe4-44cc-8b60-d408cb4cb221,home,intermediate,intermediate,intermediate,intermediate,work,,,,,,,,,,,,,,,,,,,,,,,,,,,,,,,,,,,,,,,,,,,,,,,,
298,ba3ff818-1d41-4a00-9480-3e03df5e63d9,home,work,work,shop,shop,intermediate,intermediate,intermediate,intermediate,home,,,,,,,,,,,,,,,,,,,,,,,,,,,,,,,,,,,,,,,,,,,,
299,b796a3b0-2be1-4909-be58-d3ebfe997c1a,home,work,work,home,,,,,,,,,,,,,,,,,,,,,,,,,,,,,,,,,,,,,,,,,,,,,,,,,,
300,ef45e9bb-1b5e-4114-aaf8-20500b49445b,home,park,home,shop,home,other,other,home,shop,home,,,,,,,,,,,,,,,,,,,,,,,,,,,,,,,,,,,,,,,,,,,,
301,2a0ec923-a273-4f47-82d0-c5bf91e11275,home,intermediate,intermediate,intermediate,intermediate,work,work,intermediate,intermediate,intermediate,intermediate,home,,,,,,,,,,,,,,,,,,,,,,,,,,,,,,,,,,,,,,,,,,
302,0c42ee53-621b-4f4c-8ece-b894d781a9c1,home,work,work,home,home,shop,shop,home,home,other,other,home,,,,,,,,,,,,,,,,,,,,,,,,,,,,,,,,,,,,,,,,,,
303,74b53491-d901-49b2-a54a-de55b9453eac,work,home,,,,,,,,,,,,,,,,,,,,,,,,,,,,,,,,,,,,,,,,,,,,,,,,,,,,
304,4458a816-1a68-4270-be27-188a68ca2fdf,home,work,work,home,home,work,work,home,,,,,,,,,,,,,,,,,,,,,,,,,,,,,,,,,,,,,,,,,,,,,,
305,2eb0ea81-f435-4415-94aa-32b555988a16,home,work,,,,,,,,,,,,,,,,,,,,,,,,,,,,,,,,,,,,,,,,,,,,,,,,,,,,
306,9a24d2c3-a410-4a68-abe1-b0c2e36b9ac7,home,other,,,,,,,,,,,,,,,,,,,,,,,,,,,,,,,,,,,,,,,,,,,,,,,,,,,,
307,e9ed9d09-e0d0-4291-b37f-a8d7af998b33,work,home,home,other,,,,,,,,,,,,,,,,,,,,,,,,,,,,,,,,,,,,,,,,,,,,,,,,,,
308,e4943572-3258-4248-83de-b316b4c9fb09,intermediate,intermediate,intermediate,intermediate,intermediate,work,intermediate,intermediate,home,intermediate,work,intermediate,intermediate,intermediate,intermediate,home,intermediate,intermediate,intermediate,other,home,intermediate,other,home,,,,,,,,,,,,,,,,,,,,,,,,,,,,,,
309,0f777d7d-6e64-4546-a27c-1ca7681a16b4,home,work,work,other,other,home,,,,,,,,,,,,,,,,,,,,,,,,,,,,,,,,,,,,,,,,,,,,,,,,
310,05a5dba3-d1b0-4fb6-8e3a-179e6aebd2b8,intermediate,intermediate,intermediate,school_or_university,home,intermediate,school_or_university,shop,shop,intermediate,intermediate,intermediate,intermediate,home,,,,,,,,,,,,,,,,,,,,,,,,,,,,,,,,,,,,,,,,
311,10ec336f-6b7d-4afb-a685-5fdf10559d44,home,work,work,home,home,other,other,home,home,other,other,home,,,,,,,,,,,,,,,,,,,,,,,,,,,,,,,,,,,,,,,,,,
312,989bd30f-469d-4fff-90cd-58fa64269afb,home,work,work,home,,,,,,,,,,,,,,,,,,,,,,,,,,,,,,,,,,,,,,,,,,,,,,,,,,
313,bedacb6b-4a49-41aa-b291-2f352aec674d,home,work,work,shop,shop,home,,,,,,,,,,,,,,,,,,,,,,,,,,,,,,,,,,,,,,,,,,,,,,,,
314,d01ffa45-f92c-4171-b10a-67df2aae41af,home,school_or_university,school_or_university,home,school_or_university,work,work,school_or_university,,,,,,,,,,,,,,,,,,,,,,,,,,,,,,,,,,,,,,,,,,,,,,
315,cf7b8814-7164-4dbb-9da3-304099732ddb,home,intermediate,intermediate,intermediate,intermediate,work,,,,,,,,,,,,,,,,,,,,,,,,,,,,,,,,,,,,,,,,,,,,,,,,
316,ac45021a-7efa-485a-ac5a-391421b2dcaa,home,shop,home,school_or_university,,,,,,,,,,,,,,,,,,,,,,,,,,,,,,,,,,,,,,,,,,,,,,,,,,
317,30ab1441-f1f7-4540-9f42-0976bba5466e,home,work,work,home,,,,,,,,,,,,,,,,,,,,,,,,,,,,,,,,,,,,,,,,,,,,,,,,,,
318,b167edcf-0fe7-4888-a0e4-6ef5e556642d,home,work,work,home,,,,,,,,,,,,,,,,,,,,,,,,,,,,,,,,,,,,,,,,,,,,,,,,,,
319,2f9c46f7-83b8-4a59-a3f3-adcd52874703,home,work,work,home,home,shop,shop,home,,,,,,,,,,,,,,,,,,,,,,,,,,,,,,,,,,,,,,,,,,,,,,
320,a9a52bc4-3969-42cb-859f-865c612aa5df,home,work,work,shop,shop,work,,,,,,,,,,,,,,,,,,,,,,,,,,,,,,,,,,,,,,,,,,,,,,,,
321,fc186eaa-ee29-4902-b4fb-1b844239b85d,home,work,work,home,home,other,other,shop,shop,home,,,,,,,,,,,,,,,,,,,,,,,,,,,,,,,,,,,,,,,,,,,,
322,11357c9e-4df9-470a-928b-eb574fe61ad5,home,intermediate,intermediate,intermediate,intermediate,work,work,shop,shop,shop,shop,home,,,,,,,,,,,,,,,,,,,,,,,,,,,,,,,,,,,,,,,,,,
323,0165b000-e0ae-42df-a942-2ede2c7950a3,home,work,work,other,other,other,other,other,other,home,,,,,,,,,,,,,,,,,,,,,,,,,,,,,,,,,,,,,,,,,,,,
324,fb0d2ffe-1a5c-4b99-be0f-3be0c588f9da,intermediate,intermediate,intermediate,intermediate,home,intermediate,intermediate,work,intermediate,intermediate,work,shop,shop,home,,,,,,,,,,,,,,,,,,,,,,,,,,,,,,,,,,,,,,,,
325,46a50e05-3ee0-4ac3-82c4-457b58016b04,home,work,work,home,,,,,,,,,,,,,,,,,,,,,,,,,,,,,,,,,,,,,,,,,,,,,,,,,,
326,c0ae55fe-4c0a-4cd7-952e-2f294c9e5923,home,work,work,shop,shop,intermediate,intermediate,intermediate,intermediate,home,,,,,,,,,,,,,,,,,,,,,,,,,,,,,,,,,,,,,,,,,,,,
327,f2d99954-1853-448c-a0e5-6b86038a503d,home,work,,,,,,,,,,,,,,,,,,,,,,,,,,,,,,,,,,,,,,,,,,,,,,,,,,,,
328,e7ff93c2-f298-41c8-a268-de981f1cb839,home,work,work,shop,shop,home,,,,,,,,,,,,,,,,,,,,,,,,,,,,,,,,,,,,,,,,,,,,,,,,
329,90c1a93b-b403-40db-9168-1eded62a1468,home,work,work,home,,,,,,,,,,,,,,,,,,,,,,,,,,,,,,,,,,,,,,,,,,,,,,,,,,
330,96a722df-2e68-4944-83b5-cc1406573b57,home,other,,,,,,,,,,,,,,,,,,,,,,,,,,,,,,,,,,,,,,,,,,,,,,,,,,,,
331,6cfaaa59-0c2e-470e-973e-8b1d2d279f05,intermediate,intermediate,intermediate,work,home,intermediate,work,intermediate,intermediate,intermediate,intermediate,home,,,,,,,,,,,,,,,,,,,,,,,,,,,,,,,,,,,,,,,,,,
332,05401ced-8a17-4619-b82c-4af110b8b57c,home,work,home,shop,work,home,shop,home,,,,,,,,,,,,,,,,,,,,,,,,,,,,,,,,,,,,,,,,,,,,,,
333,56656241-1ac8-4212-80c9-157d72d31676,home,intermediate,intermediate,intermediate,intermediate,intermediate,intermediate,intermediate,intermediate,work,intermediate,intermediate,intermediate,intermediate,work,home,,,,,,,,,,,,,,,,,,,,,,,,,,,,,,,,,,,,,,
334,781c4650-2b69-4ecc-b85b-c197ceb1df62,home,work,work,other,other,home,,,,,,,,,,,,,,,,,,,,,,,,,,,,,,,,,,,,,,,,,,,,,,,,
335,f1f8cb05-9bb7-4348-8edc-21df21aba3ca,home,school_or_university,school_or_university,shop,shop,home,home,other,other,home,,,,,,,,,,,,,,,,,,,,,,,,,,,,,,,,,,,,,,,,,,,,
336,bb5dfdd3-832d-4734-9126-2ad513bb32c7,home,intermediate,intermediate,intermediate,intermediate,school_or_university,school_or_university,intermediate,intermediate,intermediate,intermediate,other,other,intermediate,intermediate,intermediate,intermediate,intermediate,intermediate,intermediate,intermediate,home,intermediate,intermediate,intermediate,intermediate,,,,,,,,,,,,,,,,,,,,,,,,,,,,
337,cdd817e7-a8ea-4e8c-9629-8dbc8581b372,home,work,work,other,other,home,,,,,,,,,,,,,,,,,,,,,,,,,,,,,,,,,,,,,,,,,,,,,,,,
338,f4b5f191-b583-4311-be55-ac2d81c407ed,home,intermediate,intermediate,intermediate,intermediate,intermediate,intermediate,intermediate,intermediate,work,intermediate,intermediate,intermediate,intermediate,work,intermediate,intermediate,intermediate,intermediate,intermediate,intermediate,shop,intermediate,intermediate,shop,home,,,,,,,,,,,,,,,,,,,,,,,,,,,,
339,adfe1fc7-d8dd-41de-b456-bf4f0e2c24ff,home,school_or_university,,,,,,,,,,,,,,,,,,,,,,,,,,,,,,,,,,,,,,,,,,,,,,,,,,,,
340,fe364ec8-2863-4e15-96b8-aa34d93527dd,home,work,,,,,,,,,,,,,,,,,,,,,,,,,,,,,,,,,,,,,,,,,,,,,,,,,,,,
341,7fb0d87e-a368-45fb-ae40-c517522962ae,home,work,work,other,other,home,,,,,,,,,,,,,,,,,,,,,,,,,,,,,,,,,,,,,,,,,,,,,,,,
342,a6e12137-b29f-4c4c-bd24-9f5f01e5ea94,home,intermediate,intermediate,intermediate,intermediate,work,,,,,,,,,,,,,,,,,,,,,,,,,,,,,,,,,,,,,,,,,,,,,,,,
343,3c2c252d-b2bd-4f9a-8f2c-6a0828d31ffb,home,work,work,home,home,other,other,home,home,other,other,home,,,,,,,,,,,,,,,,,,,,,,,,,,,,,,,,,,,,,,,,,,
344,1553a4da-b1cb-416a-be63-72917051ea45,home,other,other,work,work,other,other,shop,shop,other,other,home,,,,,,,,,,,,,,,,,,,,,,,,,,,,,,,,,,,,,,,,,,
345,6530f727-fdbc-4d2f-8d2d-96d9912812fa,home,work,,,,,,,,,,,,,,,,,,,,,,,,,,,,,,,,,,,,,,,,,,,,,,,,,,,,
346,a40b5bf6-2244-4ec5-89f9-a3e63c176b68,home,work,,,,,,,,,,,,,,,,,,,,,,,,,,,,,,,,,,,,,,,,,,,,,,,,,,,,
347,553f663c-3354-4c44-a5a3-70e014b0d2b5,home,work,,,,,,,,,,,,,,,,,,,,,,,,,,,,,,,,,,,,,,,,,,,,,,,,,,,,
348,b14a1f36-455d-4305-96f2-f0afb6c6f15e,home,intermediate,intermediate,intermediate,intermediate,work,,,,,,,,,,,,,,,,,,,,,,,,,,,,,,,,,,,,,,,,,,,,,,,,
349,876547e5-1ad4-40e6-85bd-301515991c27,home,work,work,home,home,other,other,home,,,,,,,,,,,,,,,,,,,,,,,,,,,,,,,,,,,,,,,,,,,,,,
350,8c1d7e47-1f97-49bb-97d8-716ea39b1361,home,work,work,home,,,,,,,,,,,,,,,,,,,,,,,,,,,,,,,,,,,,,,,,,,,,,,,,,,
351,a3be2d25-1683-4a5a-8472-452543a48500,intermediate,intermediate,home,other,intermediate,intermediate,,,,,,,,,,,,,,,,,,,,,,,,,,,,,,,,,,,,,,,,,,,,,,,,
352,273c98cf-18b7-4c53-b75d-5bef3961c3e3,home,work,,,,,,,,,,,,,,,,,,,,,,,,,,,,,,,,,,,,,,,,,,,,,,,,,,,,
353,9a305e76-43ca-4710-ac2c-f112b2f97b28,home,intermediate,intermediate,intermediate,intermediate,intermediate,intermediate,intermediate,intermediate,work,intermediate,intermediate,intermediate,intermediate,work,intermediate,intermediate,intermediate,intermediate,intermediate,intermediate,intermediate,intermediate,home,intermediate,intermediate,intermediate,intermediate,,,,,,,,,,,,,,,,,,,,,,,,,,
354,cc8a0a6d-a9aa-4b76-8728-56b0aa37d62f,home,work,work,home,home,other,other,home,,,,,,,,,,,,,,,,,,,,,,,,,,,,,,,,,,,,,,,,,,,,,,
355,e9b7242a-9320-4dfe-bd0f-62027f7246b9,home,intermediate,intermediate,intermediate,intermediate,intermediate,intermediate,work,intermediate,intermediate,work,intermediate,intermediate,intermediate,intermediate,home,,,,,,,,,,,,,,,,,,,,,,,,,,,,,,,,,,,,,,
356,218502da-315e-44d0-89f2-ae247132e3cd,home,work,work,home,home,other,other,home,,,,,,,,,,,,,,,,,,,,,,,,,,,,,,,,,,,,,,,,,,,,,,
357,2136b05c-654f-42dc-b644-63b6dbdf56c0,home,intermediate,intermediate,intermediate,intermediate,school_or_university,school_or_university,shop,shop,park,park,other,other,shop,shop,home,,,,,,,,,,,,,,,,,,,,,,,,,,,,,,,,,,,,,,
358,f8a5d486-2a53-4de9-b113-ca4b79c52516,home,school_or_university,school_or_university,work,work,home,,,,,,,,,,,,,,,,,,,,,,,,,,,,,,,,,,,,,,,,,,,,,,,,
359,96929577-f950-4f25-a648-f61dbd7ef9b8,home,work,work,home,home,shop,shop,home,,,,,,,,,,,,,,,,,,,,,,,,,,,,,,,,,,,,,,,,,,,,,,
360,045cb556-73fb-4dd4-b45d-d9e2aed868ee,home,other,,,,,,,,,,,,,,,,,,,,,,,,,,,,,,,,,,,,,,,,,,,,,,,,,,,,
361,73693fc0-d524-42af-acd9-1fb585a01b93,home,intermediate,intermediate,intermediate,intermediate,other,,,,,,,,,,,,,,,,,,,,,,,,,,,,,,,,,,,,,,,,,,,,,,,,
362,5971853d-4ebc-4ce9-9da5-69f76ff13d13,home,intermediate,intermediate,intermediate,intermediate,intermediate,intermediate,work,intermediate,intermediate,,,,,,,,,,,,,,,,,,,,,,,,,,,,,,,,,,,,,,,,,,,,
363,18de0b2a-87bc-46ac-9c1c-e69d53fd3c34,home,other,,,,,,,,,,,,,,,,,,,,,,,,,,,,,,,,,,,,,,,,,,,,,,,,,,,,
364,3c7cece2-c614-4b19-992f-fcbee0205d70,home,intermediate,intermediate,intermediate,intermediate,work,work,intermediate,intermediate,intermediate,intermediate,home,,,,,,,,,,,,,,,,,,,,,,,,,,,,,,,,,,,,,,,,,,
365,d053962a-e023-4482-b61b-3a612dceeb04,home,work,work,home,home,other,,,,,,,,,,,,,,,,,,,,,,,,,,,,,,,,,,,,,,,,,,,,,,,,
366,7cf3e9d1-644a-43fc-8423-e4c9f041b932,home,work,home,shop,,,,,,,,,,,,,,,,,,,,,,,,,,,,,,,,,,,,,,,,,,,,,,,,,,
367,2a1b42af-e519-4eec-a52f-df40d6c274a0,home,work,,,,,,,,,,,,,,,,,,,,,,,,,,,,,,,,,,,,,,,,,,,,,,,,,,,,
368,e9558b8e-f2fa-4233-8764-84a68beb82f7,home,intermediate,intermediate,intermediate,intermediate,work,work,shop,shop,other,other,intermediate,intermediate,intermediate,intermediate,home,,,,,,,,,,,,,,,,,,,,,,,,,,,,,,,,,,,,,,
369,54bc7480-2592-4dc9-afda-108e8549a23f,home,work,,,,,,,,,,,,,,,,,,,,,,,,,,,,,,,,,,,,,,,,,,,,,,,,,,,,
370,1b53d806-a64e-4947-89cc-f01846df3f83,home,work,work,home,home,shop,shop,home,,,,,,,,,,,,,,,,,,,,,,,,,,,,,,,,,,,,,,,,,,,,,,
371,9bd3f228-92ae-462a-ac65-ef40af2a1924,home,other,other,intermediate,intermediate,intermediate,intermediate,home,,,,,,,,,,,,,,,,,,,,,,,,,,,,,,,,,,,,,,,,,,,,,,
372,80e470cf-457b-4977-bb11-8ea006ccef92,home,work,work,intermediate,intermediate,intermediate,intermediate,home,,,,,,,,,,,,,,,,,,,,,,,,,,,,,,,,,,,,,,,,,,,,,,
373,f26f0b34-333c-4d74-b164-f7fe81aae153,home,work,home,work,,,,,,,,,,,,,,,,,,,,,,,,,,,,,,,,,,,,,,,,,,,,,,,,,,
374,b06fd3d5-6bc8-482f-801d-8b170a55e2df,home,shop,home,other,,,,,,,,,,,,,,,,,,,,,,,,,,,,,,,,,,,,,,,,,,,,,,,,,,
375,07803b9a-f2bc-4f93-b7d0-7a26db85bf00,home,shop,home,park,,,,,,,,,,,,,,,,,,,,,,,,,,,,,,,,,,,,,,,,,,,,,,,,,,
376,e59e41c7-45c7-478d-895b-44b7c078547b,home,other,other,shop,,,,,,,,,,,,,,,,,,,,,,,,,,,,,,,,,,,,,,,,,,,,,,,,,,
377,0df816fc-88bb-4096-a7f6-bf6c95792d8a,home,work,,,,,,,,,,,,,,,,,,,,,,,,,,,,,,,,,,,,,,,,,,,,,,,,,,,,
378,b2cea16d-d04e-438b-ba6b-6f5ea1e11a91,home,intermediate,intermediate,intermediate,intermediate,work,work,home,,,,,,,,,,,,,,,,,,,,,,,,,,,,,,,,,,,,,,,,,,,,,,
379,78361105-d7fc-4f21-a93b-2dbada47a550,home,other,other,home,,,,,,,,,,,,,,,,,,,,,,,,,,,,,,,,,,,,,,,,,,,,,,,,,,
380,1d9098bd-552b-4008-83c6-0d8996465caf,home,intermediate,intermediate,intermediate,intermediate,work,work,intermediate,intermediate,intermediate,intermediate,home,,,,,,,,,,,,,,,,,,,,,,,,,,,,,,,,,,,,,,,,,,
381,4cc49933-472e-44c7-8a2d-f14de10ac0f9,home,work,work,home,,,,,,,,,,,,,,,,,,,,,,,,,,,,,,,,,,,,,,,,,,,,,,,,,,
382,a7a1a8de-b2c2-4004-aa20-95976382fcd9,home,work,work,work,work,home,,,,,,,,,,,,,,,,,,,,,,,,,,,,,,,,,,,,,,,,,,,,,,,,
383,67d44621-aea2-4cf7-a7fc-89444e1eb088,home,work,work,home,home,other,other,other,other,home,,,,,,,,,,,,,,,,,,,,,,,,,,,,,,,,,,,,,,,,,,,,
384,babfe92a-810c-46cd-8711-33015fb58417,home,school_or_university,school_or_university,shop,shop,other,,,,,,,,,,,,,,,,,,,,,,,,,,,,,,,,,,,,,,,,,,,,,,,,
385,40a1066e-78d6-4a83-8f43-2ceb56c999ed,home,work,work,home,home,other,other,home,,,,,,,,,,,,,,,,,,,,,,,,,,,,,,,,,,,,,,,,,,,,,,
386,6d1c8913-4289-4722-ac6c-16274907f70b,home,work,home,shop,,,,,,,,,,,,,,,,,,,,,,,,,,,,,,,,,,,,,,,,,,,,,,,,,,
387,4f92c4a6-befe-4452-bd9e-e07fa4a764c5,home,work,work,intermediate,intermediate,intermediate,intermediate,shop,shop,home,,,,,,,,,,,,,,,,,,,,,,,,,,,,,,,,,,,,,,,,,,,,
388,1ea3c898-31a1-40c8-9f9f-a5340e538acf,home,work,,,,,,,,,,,,,,,,,,,,,,,,,,,,,,,,,,,,,,,,,,,,,,,,,,,,
389,7108fcaa-8cf7-4e4c-90ed-90372492f031,home,work,work,home,home,other,other,home,,,,,,,,,,,,,,,,,,,,,,,,,,,,,,,,,,,,,,,,,,,,,,
390,6ee3c79f-41ed-4e31-ac4b-b5edea8ae186,home,other,other,home,home,shop,shop,home,,,,,,,,,,,,,,,,,,,,,,,,,,,,,,,,,,,,,,,,,,,,,,
391,0c74be8c-16cd-484f-b214-f9184cc50a4c,home,intermediate,intermediate,intermediate,intermediate,intermediate,intermediate,other,intermediate,intermediate,,,,,,,,,,,,,,,,,,,,,,,,,,,,,,,,,,,,,,,,,,,,
392,2fcc2b10-a071-4698-bf17-d33b71662f22,home,intermediate,intermediate,intermediate,intermediate,other,,,,,,,,,,,,,,,,,,,,,,,,,,,,,,,,,,,,,,,,,,,,,,,,
393,550fda0f-3b8f-44e9-abd7-d2f4c5ff1736,home,other,,,,,,,,,,,,,,,,,,,,,,,,,,,,,,,,,,,,,,,,,,,,,,,,,,,,
394,365b8b5b-3c03-42f2-a2a1-ebd442bcf2e1,intermediate,intermediate,intermediate,intermediate,home,work,intermediate,intermediate,intermediate,intermediate,,,,,,,,,,,,,,,,,,,,,,,,,,,,,,,,,,,,,,,,,,,,
395,93838d24-81a1-47e3-a31b-84758d624b1e,home,other,,,,,,,,,,,,,,,,,,,,,,,,,,,,,,,,,,,,,,,,,,,,,,,,,,,,
396,49f117de-714f-454e-bc89-c5ec953fa0ab,home,intermediate,intermediate,intermediate,intermediate,intermediate,intermediate,intermediate,intermediate,other,,,,,,,,,,,,,,,,,,,,,,,,,,,,,,,,,,,,,,,,,,,,
397,685cd435-3aae-4c7c-a8b5-d3e4a9b4ac0e,home,intermediate,intermediate,intermediate,intermediate,intermediate,intermediate,intermediate,intermediate,other,intermediate,intermediate,intermediate,intermediate,,,,,,,,,,,,,,,,,,,,,,,,,,,,,,,,,,,,,,,,
398,7629e6d5-47a6-4441-b5ee-5cbdf0bba8ac,home,other,,,,,,,,,,,,,,,,,,,,,,,,,,,,,,,,,,,,,,,,,,,,,,,,,,,,
399,888d27df-450f-43e1-97bd-7069be98d4f9,intermediate,intermediate,home,intermediate,intermediate,other,,,,,,,,,,,,,,,,,,,,,,,,,,,,,,,,,,,,,,,,,,,,,,,,
400,0f855903-3332-4e21-80fb-9284576efdd5,home,intermediate,intermediate,intermediate,intermediate,intermediate,intermediate,other,intermediate,intermediate,,,,,,,,,,,,,,,,,,,,,,,,,,,,,,,,,,,,,,,,,,,,
401,26009437-8b79-47e9-8c8f-08dd5a653483,intermediate,intermediate,intermediate,intermediate,home,shop,intermediate,intermediate,intermediate,intermediate,,,,,,,,,,,,,,,,,,,,,,,,,,,,,,,,,,,,,,,,,,,,
402,aafa29af-61ed-42f1-9237-2325f392d919,home,work,work,school_or_university,shop,home,home,other,other,home,,,,,,,,,,,,,,,,,,,,,,,,,,,,,,,,,,,,,,,,,,,,
403,770b064b-5ce7-4332-8d46-aed573c3932a,home,school_or_university,,,,,,,,,,,,,,,,,,,,,,,,,,,,,,,,,,,,,,,,,,,,,,,,,,,,
404,bf9872cc-7f1b-45cd-9f46-922a1c9f2d75,home,shop,,,,,,,,,,,,,,,,,,,,,,,,,,,,,,,,,,,,,,,,,,,,,,,,,,,,
405,84b68ee4-1a05-4469-a166-32ea450dc308,home,other,,,,,,,,,,,,,,,,,,,,,,,,,,,,,,,,,,,,,,,,,,,,,,,,,,,,
406,6c6bb407-8f63-4b08-bb11-b00ac3280194,home,work,,,,,,,,,,,,,,,,,,,,,,,,,,,,,,,,,,,,,,,,,,,,,,,,,,,,
407,33e7451a-f9dc-46cf-8e60-f89fabf3ac60,home,work,home,other,,,,,,,,,,,,,,,,,,,,,,,,,,,,,,,,,,,,,,,,,,,,,,,,,,
408,d4120c3a-7465-43a2-a897-0463a8ca683a,home,work,,,,,,,,,,,,,,,,,,,,,,,,,,,,,,,,,,,,,,,,,,,,,,,,,,,,
409,ce42c7d3-ae79-4876-ab1d-1c70082854ef,home,school_or_university,,,,,,,,,,,,,,,,,,,,,,,,,,,,,,,,,,,,,,,,,,,,,,,,,,,,
410,c986c707-3526-449e-b5c6-c309164ba35d,home,other,other,work,work,home,,,,,,,,,,,,,,,,,,,,,,,,,,,,,,,,,,,,,,,,,,,,,,,,
411,cbaf9189-cb9b-4f0c-9b18-a15c2c8b3ca6,home,work,work,home,home,shop,shop,home,,,,,,,,,,,,,,,,,,,,,,,,,,,,,,,,,,,,,,,,,,,,,,
412,f3b2ac96-9533-4f98-af5d-c0e952a05d61,home,work,,,,,,,,,,,,,,,,,,,,,,,,,,,,,,,,,,,,,,,,,,,,,,,,,,,,
413,94b08bff-a576-42bc-b61e-da43d3737635,intermediate,intermediate,home,other,intermediate,intermediate,,,,,,,,,,,,,,,,,,,,,,,,,,,,,,,,,,,,,,,,,,,,,,,,
414,1a3cf9ed-6ae8-4763-bef4-043954a176ba,home,intermediate,intermediate,intermediate,intermediate,shop,,,,,,,,,,,,,,,,,,,,,,,,,,,,,,,,,,,,,,,,,,,,,,,,
415,c48ba180-a32f-4611-83d7-0674ba275d46,home,other,,,,,,,,,,,,,,,,,,,,,,,,,,,,,,,,,,,,,,,,,,,,,,,,,,,,
416,792e9084-cf1c-438b-be8f-9b583e9c6253,home,intermediate,intermediate,intermediate,intermediate,intermediate,intermediate,park,intermediate,intermediate,,,,,,,,,,,,,,,,,,,,,,,,,,,,,,,,,,,,,,,,,,,,
417,70dd6c00-b1fb-4558-b8c8-179111b20189,home,shop,shop,home,,,,,,,,,,,,,,,,,,,,,,,,,,,,,,,,,,,,,,,,,,,,,,,,,,
418,ab3fabd2-9297-4388-a306-a7aaaf599dea,home,intermediate,intermediate,intermediate,intermediate,other,,,,,,,,,,,,,,,,,,,,,,,,,,,,,,,,,,,,,,,,,,,,,,,,
419,3be7d78b-86e7-4056-a853-b5c1954a85c8,home,intermediate,intermediate,intermediate,intermediate,work,,,,,,,,,,,,,,,,,,,,,,,,,,,,,,,,,,,,,,,,,,,,,,,,
420,ca78ef17-10e1-47ca-88de-730e9e817195,home,work,,,,,,,,,,,,,,,,,,,,,,,,,,,,,,,,,,,,,,,,,,,,,,,,,,,,
421,d986e726-3078-4e9e-8e2c-e22aa8819282,home,work,work,home,home,shop,shop,home,home,park,park,home,,,,,,,,,,,,,,,,,,,,,,,,,,,,,,,,,,,,,,,,,,
422,40a39b94-ac1a-47fd-83d5-2cb45ff9e498,home,intermediate,intermediate,intermediate,intermediate,intermediate,intermediate,work,intermediate,intermediate,,,,,,,,,,,,,,,,,,,,,,,,,,,,,,,,,,,,,,,,,,,,
423,b73ed632-18aa-4213-87dc-0e076bc65924,home,intermediate,intermediate,intermediate,intermediate,work,,,,,,,,,,,,,,,,,,,,,,,,,,,,,,,,,,,,,,,,,,,,,,,,
424,399829a8-be82-43ad-ac90-f2d3e2e3c1f8,home,other,other,home,,,,,,,,,,,,,,,,,,,,,,,,,,,,,,,,,,,,,,,,,,,,,,,,,,
425,c3621b18-88ec-4e5c-bc3b-e29fefb75d39,home,shop,shop,home,,,,,,,,,,,,,,,,,,,,,,,,,,,,,,,,,,,,,,,,,,,,,,,,,,
426,a2c98ece-dec2-4e17-8d67-48cb04748b4f,home,work,work,work,work,other,other,home,,,,,,,,,,,,,,,,,,,,,,,,,,,,,,,,,,,,,,,,,,,,,,
